frame,face_r_mean,face_g_mean,face_b_mean,ref_r_mean,ref_g_mean,ref_b_mean
270,185.05845706042308,139.7643206393382,126.14627669760375,196.64824437823813,191.01834530435653,190.58434759848188
271,185.02859659649437,139.55076534194635,126.40632699697437,196.59912084189781,190.88934309491367,190.63257042117985
272,185.10662445264327,139.57066806245294,126.44943891945718,196.58313894855155,190.9747415259783,190.4979560728885
273,185.072857489372,139.7143659598371,126.16642197852703,196.48880266672825,190.9843337413489,190.68197879858658
274,184.99249339342023,139.67791806564452,126.310860323499,196.44403642886286,191.0375605287266,190.6165808294264
275,184.99805951666644,139.72302153681173,126.32568204159273,196.40005542853183,190.9655419293748,190.43092604140205
276,184.92594247488222,139.72617482222876,126.39546284357407,196.24400871459696,191.03793005227217,190.67352594748147
277,185.04247360559677,139.78755537398987,126.13885945538803,196.2755567873007,190.99878365166248,190.38664480319022
278,185.055444204721,139.7909129208104,126.13809347512479,196.3270514330585,190.96977605333456,190.37440433574292
279,185.04728651491746,139.78169562497607,126.40460354138209,196.06495146154262,191.0837278767023,190.3099224770395
280,185.03422655142919,139.78598511445023,126.41807202767743,196.06632177802413,191.01444991031354,190.4397638128671
281,184.8784899975744,139.88809028354035,126.23848795496036,196.10514484553147,190.97203168664404,190.17781780949522
282,184.8469188443911,139.89052865404503,126.25514802568587,196.0667913808633,190.97623501697498,190.20935048538456
283,184.79771737881555,139.8338844135783,126.47808658130242,196.1454460072211,190.94037583623947,190.41726136862283
284,184.85539569263764,139.80870919559305,126.23668790134174,196.1836224085237,190.8952785668645,190.3919951961939
285,184.84139102015806,139.76215036192568,126.29746843522999,196.08543692310062,190.9537633663595,190.3919951961939
286,184.9294915167686,139.66744966871354,126.22496840331414,196.19975057160673,190.89966665896827,190.34050824884332
287,184.88069857400006,139.61150757682142,126.18855880813472,196.0805176409001,190.98087715651633,190.38909289667967
288,184.90434183145882,139.57993642363815,126.01904737587928,196.0014319037391,190.9586210613024,190.3680685466177
289,184.90892494670055,139.58834944019608,126.03257969386323,195.9142936326474,191.0118632454945,190.36431942231152
290,184.9015587698357,139.5792342750635,126.16271974058802,195.94926749655497,190.96641954779557,190.455114436823
291,185.07330431119226,139.6176609516028,126.09033460571166,195.9746260498703,190.9642639937797,190.41793882845639
292,185.09573476656752,139.54359066014732,126.23153030090258,196.00724420117479,190.93242338160235,190.43770063973764
293,184.87888575404375,139.65316413680407,126.12918257139575,196.0122789594833,190.96297835977737,190.40295772804606
294,184.88348163562318,139.66880290051193,126.1480895175601,195.97217795638082,190.9918396883685,190.44434436515084
295,185.02845616677945,139.63203584787632,126.46152864127868,196.18226748885655,190.97813652355327,190.71522052087423
296,185.12999961700987,139.6429893656407,126.42951066627516,196.21639452797217,190.93387838056307,190.69152482351402
297,185.1580855599954,139.70305498461656,126.26388020068683,196.32744405182567,190.93272361948314,190.43957905109434
298,185.20013787644737,139.69651861970357,126.37624950530441,196.49081195100734,190.88914293632646,190.45354396175432
299,185.0649551263229,139.87863042728932,126.1794819420153,196.63654279929483,190.845608443613,190.14667775237302
300,185.1017732443094,139.9435089555859,126.43237032592461,196.58968259467116,190.87451596264734,190.0705097115407
301,185.14620009957744,139.86051499406366,126.07464477665292,196.50639352717923,190.83295996058416,190.13135022363872
302,185.06546577983173,140.00583421633837,126.1624644138336,196.56122158325442,190.86393065274794,190.28532606603693
303,185.13232309047504,140.0631550727043,126.24852229640882,196.53881151989654,190.8391802736014,190.04526663433336
304,185.21197227151447,140.10325413948502,126.28662981450512,196.42811612277418,190.90332340238805,190.23951284479242
305,185.3119709948807,140.24736055967625,126.293217244769,196.6029315534616,190.92222299206296,190.03749124306182
306,185.32458413654874,140.35139344576223,126.44411535662765,196.68428832074645,191.03094759694218,190.14145053388455
307,185.35869579093844,140.28055303775005,126.46995442417433,196.42077954071303,190.9931484175924,190.02414220497778
308,185.32960130727298,140.2226576961867,126.29388109433047,196.41363541883183,191.00662832859882,189.88922761880568
309,185.2985152749231,140.0776448660173,126.44177911682476,196.3064350985781,190.94476392834324,190.00900713642346
310,185.34838059006012,139.99720417203918,126.29628116582197,196.20089763427947,190.9678206579059,190.07816192829702
311,185.8384036971314,140.48960181792648,126.68139050950454,197.21676405151774,191.88754936603615,190.9401910744667
312,186.00649806589985,140.63114220423586,126.85960858408548,197.171328052226,191.97207787708723,191.06301916133552
313,185.88994140250986,140.68528424250934,127.21326167162427,197.38626758123743,191.9311993348576,191.22972816924178
314,185.8512976982293,140.70873600490228,127.25785448928266,197.32493437107863,191.9712079570737,191.1472320376914
315,185.9211167992238,140.66522832595012,127.34480601549834,197.17441511351302,192.03465053080518,191.18057383927265
316,185.84541241654006,140.65809194316427,127.49220615082152,197.2996220082065,191.93547195085335,191.25958259236165
317,185.85408075985242,140.76165247475456,127.26073968160753,197.3750356051333,191.9809695374027,191.1764166993849
318,185.75917580523677,140.776167800743,127.26584621669582,197.4130426414775,191.92987520881928,191.17573154114413
319,185.89636287038337,140.8402548161009,127.24910954794399,197.3941430518026,191.9916164345597,191.0583616249798
320,185.8765750469163,140.89308192158916,127.26939525858216,197.4060447893331,191.98025358553315,190.95263170050117
321,185.887694527071,140.8763324864996,127.3081538599022,197.37100933816794,191.94655765722072,191.09816239020148
322,185.81038158583448,140.97072678760645,127.16979229168528,197.35050847979554,191.91320045882506,191.10066437254133
323,185.93711302038784,140.9297979088739,127.18872477052508,197.43194223115236,191.83629337090156,191.10218865716683
324,185.97476095032619,140.8871328082113,127.47047784402089,197.31160072980902,191.96707391240753,191.08122589436246
325,185.86002987323027,140.93347461413745,127.43349376364402,197.02461180781697,192.0240036336482,191.02692132997683
326,185.85254879932594,141.04778440208858,127.19061418850774,197.24456299991533,191.96901391102182,190.94612654641756
327,185.9300404692906,141.05553356908504,127.25102449860209,197.2685358399347,191.95501820673303,191.0669992378577
328,186.09434323575596,141.04186082138617,127.22588757963003,197.24981331362542,191.9671201028507,191.06098678183483
329,186.13398271437873,141.13361249058482,127.19084398258671,197.44675396660432,192.0088223746507,191.27003702933862
330,186.14337873894115,141.2508330035363,127.28634895507525,197.52898065390272,192.01391102180958,191.421125969037
331,186.08355568038198,141.26925482886725,127.3368270544229,197.61567241737686,192.0377914809426,191.41038669099365
332,186.00743000855346,141.25253092645312,127.2542416157077,197.56299221691032,192.00883007305788,191.48708592192276
333,186.23634321022328,141.12542926810585,127.33746537130894,197.59036775291193,191.85870343425944,191.20938897742056
334,186.1714008502381,141.046073712834,127.23327928917031,197.6215309052557,191.85003502775277,191.31029969899228
335,186.18197137787084,140.8790517164341,127.28551914312341,197.84302177879397,191.75370485846477,191.25715759409377
336,186.13481252633056,140.7804828228926,127.36444064291277,197.7277535277951,191.78345150388384,191.38644464460305
337,185.99719140570144,140.71901290676743,127.43331503491594,197.50825654172152,191.77946372895448,191.37077068754473
338,186.02179213848922,140.6320869132272,127.51433021409149,197.6112458332371,191.74246518395344,191.46617704796878
339,185.994012587609,140.64241488044325,127.44177911682476,197.32277111865554,191.95449471504347,191.425059855116
340,186.0366393892584,140.67209661564388,127.63116773691131,197.30384843375904,191.9485669414998,191.55190651054298
341,185.98603362653355,140.65962390369074,127.6409084525922,197.22885824922824,191.9196132320223,191.59451719439247
342,185.98719536326615,140.68749281893503,127.49938083262055,197.1197333271746,191.97364835215595,191.3338722218373
343,186.11858651108756,140.7218853327546,127.3077198044197,197.91340831581945,191.7450364519581,191.29358645696206
344,186.17469456537003,140.78488720940624,127.27632737996451,197.97708184176693,191.7757761919059,191.21417738669868
345,186.16561769925062,140.77809551773882,127.33999310617763,197.948536147871,191.79630014549988,191.30511867094697
346,186.06261888652003,140.80388351993463,127.30035362755487,197.80863299383358,191.81484560844362,191.42266565047692
347,186.11696518619704,140.86318315864727,127.09661564387024,197.79196594224655,191.72719924247673,191.1606195678114
348,186.01563876370784,140.85053171796608,127.28159987744316,197.70608251152836,191.76473667598174,191.17715574647605
349,186.07797679079803,140.91966143672366,126.96881183694833,197.53055882737863,191.8305657559451,191.1744843991778
350,186.04832058827284,140.8954564604052,127.06200610230943,197.41334287935825,191.86403073204153,191.14396791303878
351,186.08305779321086,140.9439302447307,127.0345967752231,197.38107115637774,191.81754005096346,191.29188510897094
352,186.13425080747086,140.94487495372204,127.17460520100599,197.2859419386129,191.85725613370593,191.20480842513683
353,186.1418595447524,141.03550318520126,127.21155098236969,197.2450864916049,191.92513298998438,191.34501181705505
354,186.1390764831293,141.12786763861052,127.20678913839987,197.2688822682587,191.91821982031917,191.2962039154099
355,186.07566608367057,141.17722230023872,127.41900397033103,197.19428470249505,191.96316312155014,191.08476716167425
356,186.0848706131672,141.16953696493087,127.18066921142332,197.14610807024027,191.9246017998876,191.10054119802612
357,186.14725970560826,141.12559523049623,127.27378687875809,197.13981077315103,191.91496339407377,191.17414566926104
358,185.63359334107824,140.38334758907712,126.46957143404272,196.21659468655935,191.0738585186725,190.23065197810573
359,185.4151485363394,140.05904431195822,126.5169856123374,196.20848056537102,190.94872090964378,190.19117454598643
360,185.20380181537323,139.8947670781683,126.38840305881452,196.150611638452,190.90075983279058,190.13215085798748
361,184.9924678607448,139.71691922738125,126.05522717697974,196.11584563153883,190.85978121126738,189.993363972994
362,184.48804432472457,139.07329154485453,125.3918499699991,195.09564501104722,189.9350408400502,189.12201205570568
363,184.4004161826097,138.93688322630888,125.25530122173852,195.01286403843045,189.9072726852814,189.09199596603463
364,184.22651313017835,138.90966539428834,125.09186656623814,194.77790095229298,189.924463228558,189.09302755259938
365,183.9526241207185,138.78013813177415,125.50618529062568,194.20112858649546,189.93420171366543,188.90196848272092
366,183.94488772005974,138.84929338320717,125.45517100509377,194.2531698191644,189.99193206925486,189.18734073920106
367,184.42606375509058,139.45610294774738,125.94588349440195,195.39817701717516,190.9485592430926,190.02539704535133
368,184.60481801585578,139.65741532726506,126.27833169498666,195.54387707183383,190.94626511774715,190.1882799448794
369,184.86242994472175,139.72037890490355,126.37743677471244,195.72458178402889,191.00466523476294,190.21001254840374
370,185.71988101773243,140.33878030409417,126.84077823594745,197.10646127316258,191.81998044604572,191.25748862560337
371,185.86170226347167,140.49216785180835,127.33272906001456,197.01475014819434,191.91731910667684,191.37104783020393
372,185.99405088662215,140.60402650291712,127.42431476682285,197.14002632855264,191.86721017421496,191.41030970692165
373,186.114590647381,140.6360317115829,127.34732098402931,197.1063073050186,191.8868950014242,191.1785260629576
374,186.05760171579578,140.8221138501998,127.08987501755371,196.9879519927327,191.93704242592207,191.32160096076123
375,186.1446298400378,140.83263331248165,127.15135770001659,197.18902669037777,191.99257103705244,191.23174515192807
376,186.0421161481406,140.94880698574,127.27852319005247,197.01965403358045,192.06487447747062,191.2754028191567
377,186.09443260012,140.9285723404527,127.34795930091535,197.38111734682093,191.9570813798625,191.18746391371624
378,186.19448238883712,140.9881528385952,127.4149059759227,197.29142320453897,192.00443428254695,191.140234185547
379,186.34794653457763,141.0449502751146,127.3573042601269,197.4556456269198,191.98293263123858,191.2806839264956
380,186.37148766133458,141.0968965033001,127.36964930870282,197.45631538834616,191.97673541344295,191.29702764498026
381,186.39772248535064,141.0907431285187,127.30751554301618,197.53605549011908,191.9042703064736,191.2739940106392
382,186.3254267148383,141.06282314792355,127.27563799772759,197.39157948220515,192.01251761010647,191.18958097569612
383,186.22588757963004,140.97260343925137,127.09499431897972,197.6451111265079,191.95308590652593,191.48242838556703
384,186.16707306175078,140.81864140633976,127.21037647929938,197.67929975288112,191.7948990353896,191.41837763766677
385,186.3323333035452,140.6988165604933,127.0167111360764,197.5000038492036,191.8407430502629,191.45358245379032
386,185.86468958649832,139.95202410284563,126.20087832403519,196.6131627366298,190.83510781619282,190.6370277989484
387,185.57382134786994,139.75683956543386,126.35943623852626,196.28477178071856,190.82924932831398,190.59086045097268
388,185.58888562638035,139.65713446783522,126.23242394454303,196.3155423142952,190.79148864100017,190.4537518187487
389,185.60693722791743,139.64315532803104,126.13819560582655,196.33130095383265,190.80753982001124,190.69572045543777
390,185.45270710191366,139.57890235028276,126.31803500529803,196.47680084990415,190.75740779232777,190.76613008768487
391,185.3182009676884,139.4963169115676,126.35064023183669,196.54362302439625,190.69399601222506,190.53983540805407
392,185.4304553752665,139.50655551441957,126.35672977492946,196.57088308428985,190.79325927465607,190.36749886448493
393,185.58505572506414,139.55583357802146,126.20192516372828,196.76638413512245,190.65974579859426,190.40194153829572
394,185.56265080236432,139.60084768482466,126.31830309839016,196.68215586195217,190.7139887757223,190.2740863915256
395,185.4609413897435,139.6864842782551,125.94971339571818,196.33826031394105,190.80259744258913,190.2770964687406
396,185.3579808760261,139.6707433838455,126.01825586294059,196.3597542668422,190.8377252746407,190.1521359230775
397,185.1744903039665,139.7296600324265,126.08285353180733,196.41549073496694,190.81121196024543,190.23655665642778
398,185.29961317996705,139.7302089849485,126.13465933027793,196.61526440179526,190.80320561675788,190.23891236903086
399,185.2241385913623,139.7743166817735,126.02481776052903,196.61741225740394,190.78573023241492,190.25965957643365
400,185.23921563621045,139.80551761116288,126.16620495078577,196.5890051348376,190.82249012679276,190.3340492852029
401,185.17927768061176,139.88763069538243,126.05046533300992,196.45277412103437,190.83607011709276,190.19290668760632
402,185.24557327239535,139.86989825228838,126.26260356691476,196.54701032356405,190.83282908766176,190.1902199434937
403,185.16205589102654,139.91867842871915,126.19572072359603,196.5618836462736,190.78901745228913,190.17670923885848
404,185.04437578991715,139.98332716293677,126.20537207491287,196.40965534230966,190.82610067976935,190.2005666027699
405,185.0581123693046,140.0075321392552,126.27086338742005,196.4778093412473,190.81208188025897,190.00444967936133
406,185.0422565778555,139.9509006651262,126.26658666428362,196.1318429216995,190.9422234539674,190.04242592207672
407,185.10184984233572,139.87914108079815,126.45819662713357,196.1422588666405,190.9451565471104,190.1045289729555
408,184.97956109330917,139.84159528156158,126.24600732787785,196.08836231783644,190.90645665411827,190.15022671809203
409,185.05123131327315,139.72797487584737,126.35573400058725,195.98697429501837,190.97214716275204,190.29388669484283
410,185.00885983837816,139.65795151344935,126.13869349299766,195.82496901391102,190.99090818109732,190.35360323948976
411,184.92126999527645,139.56576578876818,126.22143212776551,195.8713365204739,190.97414874862392,190.62247780934123
412,184.92677228683408,139.47610779895572,126.01674943508955,195.9878519134391,190.883299845262,190.39432781357536
413,184.97682909703693,139.43065963667001,126.1388977544012,196.25967497324802,190.89226079124228,190.54124421657158
414,184.98078666173035,139.386232781402,126.16287293664067,196.42132612762418,190.84196709700763,190.60729655034373
415,184.9852676462703,139.4170124216466,126.0231326039499,196.08352771811514,190.96795153082826,190.71435060086068
416,184.98326333124817,139.38696046265207,126.0234389960552,195.93635726768133,191.0412095737392,190.96918327598019
417,184.93275969922507,139.45491567833935,126.11383743345546,196.1629521851929,190.95263939890836,190.68085483113543
418,184.91083989735864,139.4932529905146,126.18958011515237,196.0615564639676,190.99357952839557,190.66942269644412
419,184.9942040826748,139.437106637219,126.14671075308627,196.3369053942739,190.95767415721687,190.59894377853223
420,184.82171809373045,139.452234747418,126.12772720889558,196.33974610653055,191.0223484761003,190.66472666805237
421,184.6370147195874,139.47020975092875,126.36041924653075,196.44954848841775,191.01646689299983,190.84222884285242
422,184.868315226411,139.49611265016404,126.22440668445444,196.5908373557511,190.97240121018962,190.67612031070772
423,184.9147591630389,139.48026962505267,126.34495921155099,196.50737892330076,190.9330238573639,190.62752796446415
424,185.01409403684366,139.47444817505203,126.19037162809104,196.8271322663341,190.8202652871121,190.62752796446415
425,185.07089147336305,139.45077938491784,126.1580217283068,196.67329499526548,190.93209235009277,190.45661562622692
426,185.08848348674215,139.5208155136536,126.20661040967178,196.74196478748547,190.88560166901468,190.5376567588166
427,184.9909869655692,139.5624337746231,125.96715221304464,196.67525808910136,190.81125045228143,190.3354349984988
428,185.05146110735214,139.6098862519309,125.90690786534067,196.6180281299799,190.86974295018362,190.41563700470374
429,185.02526458234925,139.6945015383437,126.03159668585873,196.51446145792437,191.02954648683186,190.70605171789956
430,185.00560442225938,139.7333622703655,126.02793274693289,196.45505284956542,191.06208765406438,190.71886186747963
431,184.99158698344206,139.62815488120924,126.25015638763708,196.27028337836902,191.09024842760033,190.74749224385474
432,184.89264786610664,139.5828088496253,126.24115611954399,196.3870451203646,190.97999183968838,190.5891975950176
433,184.78467018166498,139.48260586485554,126.04774610307541,196.30129256256882,190.96997621192176,190.4896571899274
434,184.71626814415748,139.4641329741737,125.82147553331376,196.33956134475778,190.96122312293588,190.3783998090795
435,184.7672951960271,139.29591094202806,125.98512721655538,196.35672879281276,190.95265479572276,190.5151081241291
436,184.6367083274821,139.27821679794718,125.59697948449528,196.32457254594024,190.93010616103527,190.30334803729107
437,184.6934546986506,139.20528271054883,125.35037213874456,196.48831766707468,190.92411680023403,190.2481658544847
438,184.67494350895558,139.11704178422335,125.20510398182074,196.52196740494392,190.81954163683534,190.22151396875987
439,184.6516321762776,139.08216414957042,125.24000714914912,196.3666289444714,190.85748708592192,189.88606357344665
440,184.6016774967765,139.02943917478393,125.23219415046405,196.26242330461827,190.8235448085791,189.82941099486516
441,184.48303992033806,139.0029745566889,125.41288889456281,195.97894485630923,190.9296750502321,189.88777261984495
442,184.55398245905198,139.02512415263433,125.30155366330061,195.91019038161005,190.95816685527765,189.94734289475508
443,184.49995531781798,139.02845616677945,125.24511368423741,196.08353541652232,190.9419925017514,189.94969090895094
444,184.49838505827833,139.0514355746767,125.35069129718758,195.98922222992064,190.94410956373127,189.96878295880583
445,184.57406390828663,139.06812117807763,125.46720966156438,196.02762188503198,190.928127670385,189.986381517664
446,184.6019711225441,139.09291340593123,125.56474448175052,196.1643763905248,190.9159102981593,190.11434444213492
447,184.57299153591808,139.1209482835659,125.80344946445213,196.0412095737392,190.92366259420925,190.0480149657036
448,184.51328337439838,139.15651530045577,125.82794806653816,195.98947627735822,190.95302431926834,190.01839149479972
449,184.59410705850811,139.18161392041466,125.68087985599571,196.0992093735806,190.88035135530458,190.19575509827015
450,184.7277450817684,139.20999348916777,125.6743945564336,196.181474552915,190.91864323271514,190.17159749647797
451,184.58753239458196,139.31287740485888,126.0187537501117,196.51804891567934,190.9433859134545,190.86705620607097
452,184.1271271910227,138.72794934317193,125.34896784159528,195.45271253377678,190.05371178703126,189.91616434559688
453,183.32309047503543,137.91524428387228,124.39257765124918,194.31098485723305,189.00110857063675,188.71858472482043
454,182.5087896235207,137.11427148893796,123.60563506146991,193.3236333402619,188.0858988275326,187.7020485461558
455,182.33389079674714,137.04953339035632,123.0099322107467,193.25074482089656,187.97691247680854,187.60587234501182
456,182.39127548480167,136.8994523241118,122.94145357521288,193.18603970838433,187.98232445706984,187.47670846901775
457,182.71734051652604,137.281880736873,123.52612631014541,193.92745790895864,188.7222645634618,188.1165230913724
458,182.85448928265947,137.5018830348138,123.6280144514943,194.0139341170312,188.81908743081055,188.42838556702617
459,182.97123744111528,137.46701816649858,123.92764039779908,194.23233792928244,188.79807077915578,188.154391556387
460,183.45083045026874,138.00488950734703,124.52853914797463,195.06416622400826,189.64069993918258,189.26610314325967
461,183.9185124663288,138.07878107007443,124.60282646717137,195.1249605456631,189.8407892407061,189.35849172806147
462,183.97164596392233,138.10635635955114,124.86264697246301,195.11879412149625,189.84279852498517,189.38194107639129
463,184.4054716523471,138.7155404629074,125.70165068746729,196.294741218042,190.7427423266126,190.48267473459742
464,184.5286540450141,138.9431897971429,125.80184090589933,196.3990161435599,190.7486162113059,190.56089825015204
465,184.9070610613933,138.9758333226947,126.22913022941108,196.55604055520914,190.74672240313478,190.49051941153374
466,185.45437949215508,139.59067291366125,126.65366202397519,197.36706775368177,191.53222168333372,191.2020293001378
467,185.6856289336278,139.84842527224214,126.51507066167929,197.1657544054135,191.73991701117038,191.2945256626404
468,185.8519232487776,139.94588349440195,126.54514815334925,197.041432827548,191.8236679830943,191.29380971077083
469,186.14282978641916,140.73329843867688,127.02391135055086,197.69792219989685,192.78163467978476,191.9999769047784
470,186.23087921767882,140.93790453332653,127.22934725715234,197.78548388338453,192.9077037960846,192.14268227903648
471,186.4083057793211,141.0845514547242,127.3491721029988,197.83778686189828,192.92556410078754,192.15072711456
472,186.51574727757847,141.1047222683229,127.54705033766963,197.914124267689,192.94580321331517,192.1965788278405
473,186.5770001659624,141.08988778389144,127.69180784108462,198.05566718245996,192.93250036567434,192.0942054089009
474,186.60733298438677,141.15128110199026,127.58519615477908,197.88721833452658,192.98682802528157,192.14643140334266
475,186.5544292808722,141.1966398999119,127.76996336061075,198.02824545601516,192.94955233762136,192.2483429178503
476,185.91890822279814,140.63218904392897,127.1651708774304,197.1629906772289,192.0376298143914,191.38006266503461
477,185.74317958407272,140.56759137506225,126.81118586511087,197.16060417099703,191.9231314041125,191.21889651031202
478,185.69982510117322,140.5227304643117,126.95958177477627,197.07721502421148,191.95122289198366,191.09788524754228
479,185.11250973433252,139.94588349440195,126.20249964892571,196.25772727622655,191.0138186409232,190.0652978898666
480,185.00187665164495,139.80316860502228,126.19773780495589,196.3697237041656,190.82617766384135,190.1198180096538
481,184.63243160434567,139.6436915142153,125.93736834714225,196.15086568588958,190.90051348376022,190.26820480842514
482,184.70945091981463,139.6042690633338,125.78740217793721,196.18079709308145,190.88911984110487,190.20443120318407
483,184.69824207529587,139.55533569085037,125.90732915448545,196.28560320869613,190.83139718392263,190.19943493691156
484,184.8482210108386,139.4164507027869,125.87523458145562,196.27190004388092,190.83644733904555,190.16483059654956
485,184.78349567859468,139.32989493304055,125.95024958190244,196.37943139564425,190.81814822513223,190.22379269729092
486,184.8218712897831,139.19660160089876,125.97021613409761,196.51215193576448,190.77685396891383,190.30922962039153
487,184.83429293638534,139.1757797040763,126.00676615899197,196.39771511274319,190.82115060394005,190.40473606010917
488,184.92458924308383,139.12825062874214,125.91445277093361,196.4007713804014,190.7686628636535,190.31439525162244
489,185.00984284638267,139.1261314166805,125.8834944019609,196.53873453582455,190.78207348899514,190.2238696813629
490,184.99808504934188,139.1078755537399,125.81048371653624,196.56111380555362,190.73105614448372,190.2004511266619
491,184.95248369100355,139.0876919738035,125.82165426204185,196.74586018152843,190.59817393781228,190.17807955534
492,185.00393203201799,139.17172000868112,125.75696722881108,196.74382780202777,190.59507917811806,190.0649822551714
493,184.98051856863822,139.28669364619373,125.49246147757593,196.47726275433612,190.6846655426992,189.99393365512677
494,185.02527734868698,139.28184243785986,125.57351495576464,196.6283901860705,190.63500311785492,190.02816847194316
495,184.65099385939155,139.37836871736604,125.7481584557838,196.11046444490634,190.92911306650655,189.91300799864507
496,184.5532547778019,139.45028149774674,125.77198044197061,196.15341385867265,190.9211760086838,189.92197664303256
497,184.41165055980392,139.54447153745005,125.58628129348534,196.10229643486764,190.88477793944432,189.7874854692564
498,184.66898162924002,139.58573234096335,125.45029426408446,196.46603077823198,190.81567703642116,189.8596734335666
499,184.8054154804611,139.55561655028023,125.50591719753355,196.25527148432988,190.83629337090156,189.8218742542168
500,184.71079138527531,139.54187997089275,125.65230879217678,196.16866440333496,190.87737977012557,189.8218357621808
501,184.96230100471078,139.54301617494988,125.96768839922892,195.99100056198372,190.86930414097324,189.97941445914842
502,185.01848565701957,139.62286961739287,125.94003651172588,196.07061748924147,190.82944178849397,189.90642586048946
503,185.1096500746831,139.67491797628014,125.6858714940445,195.96357113713174,190.89797300938434,189.9635865339461
504,185.06033371206803,139.76116735392117,125.82876511215228,195.97203168664404,190.83985003502775,189.94049901075468
505,185.02544331107734,139.75549909997318,125.86357891511662,195.9946188133675,190.8703203307236,189.89627166139326
506,184.90942283387164,139.73803474997126,125.98913584659968,195.9845646935649,190.91218426907471,189.92626465584272
507,184.95889239253935,139.73313247628653,125.70970624656904,196.0292077569151,190.86748731687413,190.12067253285295
508,184.966999016992,139.65806641048883,125.72586843012346,196.02575887048968,190.90996712780125,189.95818995049925
509,184.77337197278217,139.526419935913,125.58658768559063,195.55937396552653,190.90357744982563,189.8169087815731
510,184.7563799772759,139.43808964522347,125.66270059108143,195.5996135399586,190.9024226887457,189.8749316766361
511,184.73066857310644,139.1299613179967,125.70294008757708,195.61729678129595,190.8871490488618,190.26122235309515
512,184.78929159591988,139.18960564782782,125.60467758614087,195.71545917149743,190.89982832551945,190.06067884554685
513,184.6481214334044,139.25375649487432,125.45474971594899,195.73284217495402,190.87401556617937,190.04157909728477
514,184.6949355938262,139.26751860693722,125.42399560837983,195.62150011162691,190.8936926949814,189.93768909212685
515,184.6930972411944,139.24236892162745,125.73107709591349,195.62911383634727,190.87106707622192,190.14528434066992
516,184.6561514598307,139.26167162426114,125.83047580140685,195.67581237441973,190.84864931445685,190.3061733527333
517,184.6497172256195,139.32080530058343,125.89248190371629,195.54463151573938,191.0204392711148,190.40659137624425
518,184.63951692178065,139.3781516896248,125.84436557684697,195.53214469926172,190.9469502759879,190.2673040947828
519,184.62636759392834,139.3320141451022,126.1393956415723,195.03030862914463,191.03903092450173,190.82338314202792
520,184.4545071555323,139.47361836310017,126.05769108015984,194.91490950522336,191.12279729324004,190.87409255025136
521,184.50577676781862,139.47165234709118,126.04122250450014,195.45764721279167,191.00695166170118,190.359400140111
522,184.48381866693902,139.47861000114898,126.13625512249301,195.44811658467864,191.01053911945618,190.23757284617813
523,184.51078117220513,139.5486971952356,125.86006817224343,195.7121796500304,190.91567934594332,189.9711078777801
524,184.45220921474257,139.58270671892353,125.57042550203623,195.66198603508934,190.94922900451897,189.89263801319507
525,184.45939666287933,139.58481316464747,125.74671585962135,195.60033719023534,190.93712710840128,190.15186647882553
526,184.93904073738366,140.23257714059568,126.38024536901099,196.4602646712395,191.83123551737145,191.1848926457116
527,185.20795087513244,140.41218674598818,126.75840982497351,196.17238273401233,191.96824407030186,191.10352048161235
528,185.30982625014363,140.52904980148344,126.82802466456448,195.98866794460227,192.0500088531683,190.98696659661115
529,185.5145217091573,140.56073585170623,126.84792738507105,196.49024226887457,191.94653456199913,190.7208788501659
530,185.59664755971454,140.56524236892162,127.0442225938645,196.62471034742913,191.86941191867402,190.81875639930098
531,185.67824999042526,140.607460647764,127.06265718553318,196.7826431711279,191.92090656443182,190.96302455022055
532,185.7336686624708,140.548633363547,127.16075372457902,196.90965919151327,191.84204408107962,190.9641177240429
533,185.76294187486437,140.4366853480742,127.10057320856366,196.90361594186163,191.8805515138918,191.01398800588157
534,185.5290881004966,140.3924627542097,126.9418365653445,196.77616111226587,191.88838849242092,191.106130241653
535,185.46044350257242,140.28793198095264,126.90264390854196,196.70363441803892,191.90681078084944,190.9708923223785
536,185.34486984718694,140.30505163983608,126.71748094624095,196.69639791527132,191.92741941692265,191.00897634279468
537,185.34520177196768,140.31292847020976,126.33655896133077,196.75127986019692,191.93418631685105,190.84671701424975
538,185.44899209763696,140.19758460890324,126.50461503108603,196.774082542322,191.92542552945795,190.92825854330738
539,185.4782653100305,140.16815820045704,126.6859991574217,197.11854007405867,191.81277473690693,191.26286211382865
540,185.50690020553805,140.16898801240887,126.79937700271923,197.15822536317236,191.85152851874946,191.36162497979169
541,185.56468065006192,140.0805428246799,126.45017936704498,197.164153136716,191.7448054997421,191.23357737284155
542,185.4231147310771,140.07220640614827,126.66759009842846,196.9214377545286,191.80192768116277,191.4021724905117
543,185.49428706387,140.093334695076,126.5947709080696,197.04255679499911,191.71595186955818,191.13657744212722
544,185.54692267429243,140.15417906065287,126.60139663734664,197.05060163052264,191.68759093743503,191.22835015435305
545,185.4128633618874,140.18776729519604,126.92670845514547,196.65546548419132,191.91732680508403,191.14265148540767
546,185.41297825892687,140.24755205474204,126.87559203891179,196.7449594678861,191.94618043526793,191.06546725482497
547,185.30971135310415,140.38230074938403,126.814837037699,196.9299598912985,192.04740679153483,191.16908781573093
548,185.3680918155009,140.44551965377693,126.8987884745503,196.89129849034234,192.10909412842483,191.1130126176894
549,185.41856991484852,140.42079125761194,126.74829888549871,196.86699461881338,192.07137193314702,191.24542522152166
550,185.64277233789943,140.50489589051588,126.67479031290294,197.27116099678977,191.99622778047222,191.13448347536894
551,185.77362729953657,140.4889890337159,126.74024332639695,197.13205847710108,191.90283840273446,191.1507194161528
552,185.15645146876716,139.88313694450474,126.009370491887,196.23561745074943,190.99930714335204,190.23774221113652
553,184.98369738673068,139.7667334771674,125.8443145114961,195.96958359315457,190.9774667621269,190.1750078908674
554,184.7851808351738,139.70765086619602,125.84081653496061,195.99043857825816,190.90002848410663,190.18300653594773
555,184.86001710689254,139.73361759711992,125.8929287255365,195.89692602600522,190.95448701663625,190.1059608766946
556,184.8650981093054,139.7166383679514,125.94848782729699,195.89988221436985,190.88725682656258,190.18702510450586
557,184.81968824603285,139.72322579821525,125.83299076993782,195.72135615141227,190.9414305180258,189.89584824899728
558,184.83560786917056,139.6571217014975,125.59134952956046,195.86169041625288,190.88717984249058,189.89303833036945
559,185.07918959288148,139.5483780367926,125.54841633580575,196.34125499434168,190.77966388754166,189.97856763435644
560,184.7163319758461,139.4356385083811,125.6827820403161,195.81983417630892,190.8769024688792,190.0392849719393
561,184.83028430634104,139.3493380653892,125.77753379887912,195.96119232930707,190.83617789479356,190.12112673887773
562,184.8021983633555,139.30740064597668,125.80141961675454,195.98070009315072,190.81618513129632,190.1094020647128
563,184.82456498704218,139.2898213989353,125.63790836322784,195.8867025412442,190.80673918566248,190.09235779117301
564,184.7730272816637,139.26253973522614,125.65295987540054,195.81096561121504,190.82948797893715,190.1472397360986
565,184.7785678722345,139.23809219849102,125.78564042333176,195.9968590498626,190.80218172860035,189.9914162759725
566,184.78404463111667,139.2709527517841,125.65810470950198,196.0396467970777,190.82383734805268,190.18604740679154
567,184.78570425502036,139.26665049597221,125.77652525819919,195.71107107939366,190.9161720440041,190.22981285172096
568,185.2179086185546,139.78298502508585,126.4357661717583,196.58059077576848,191.7992794290861,191.26774290399317
569,185.29338320715937,139.98930180899006,126.66653049239764,196.4999499603532,191.8973109463652,191.48699354103636
570,185.358670258263,140.06161034584008,126.82165426204185,196.47886402303362,191.8986427708107,191.599090048269
571,185.24533071197865,140.0288646895865,126.83910584570604,196.56912784744836,191.88775722303055,191.3576910937127
572,185.33990374181357,140.06028264671713,126.96143289374577,196.66704388861945,191.93683456892768,191.41178780110394
573,185.28227649334235,140.2338282416923,126.62276748669109,196.34156293062966,192.00373372749178,191.57769617466147
574,185.34061865672595,140.2784848910393,126.72643014898316,196.3785614756307,191.9981369854577,191.64775168017738
575,185.28762558884733,140.29823441549323,126.8120667424136,196.51449225155315,191.87480080371373,191.54521659468656
576,185.26810585847238,140.3179584072717,126.79184486346402,196.56787300707484,191.8698815215132,191.39200289460112
577,185.402139638202,140.38125390969094,126.57766401552387,196.46567665150081,191.94473313471443,191.10496778216586
578,185.5056363381037,140.4327916150694,126.59101760477972,196.45232761341677,191.98146223546348,191.10657674927057
579,185.48921882779487,140.33714621286592,126.82423306226143,196.47874854692563,191.97904493560281,191.31876794691178
580,185.46105628678302,140.414982573949,126.64590009064099,196.48881806354265,191.94618043526793,191.23042102588974
581,184.7536479810037,139.91548684428898,125.98249735098493,195.89626396298607,191.09771588258388,190.33134714427584
582,184.3932670334861,139.7814658308971,125.88369866336444,195.66347182767885,191.01662086114382,190.18042756953585
583,184.80364095951794,139.57617035401054,125.79420663594234,196.24597950684003,190.9007213407546,190.39831558850474
584,184.8460379670884,139.46108181945846,125.78086581302422,196.2960961377091,190.83013464514192,190.38298036136322
585,184.77421455107174,139.44567284982958,125.51688348163562,195.98068469633634,191.0256049023457,190.33157809649182
586,184.64028290204388,139.39822037252173,125.64371704689076,195.9468424982871,190.97791326974448,190.30058430910645
587,184.8107645759661,139.30860068172242,125.8499955317818,196.2600367983864,190.98328675796978,190.43895548011116
588,184.80629635776384,139.25282455222072,125.83103752026656,196.1763628105345,191.0137647520728,190.55394658845086
589,184.78138923287077,139.3804879294277,125.76817607332984,196.3596079971054,191.06753812636165,190.48081172005513
590,184.7925725447141,139.43524275191177,125.71930653253501,196.2586048946473,191.0583385297582,190.27488702587434
591,184.87635801917503,139.39096909269637,125.63374653713089,195.85464637366528,191.0552206748424,190.23048261314733
592,184.92847020975094,139.48804432472457,125.49570412735699,195.84557764998422,191.0187995103813,190.2036382672425
593,184.77503159668586,139.5258199180401,125.63346567770104,195.81539219535478,190.9537941599883,190.28738923916643
594,184.93384483793133,139.4253360738405,125.88354546731179,195.9725243847048,190.94855154468542,190.49389131388716
595,184.8698599532752,139.45860514994064,125.9797653547127,195.76419008907058,190.97028414820974,190.5427377075683
596,184.92336367466265,139.44257062976345,126.13915308115561,195.7601869173268,190.95086106684528,190.48643925571798
597,185.02151127905938,139.37180681977762,126.28767665419821,195.66688992047546,190.90117554677937,190.7227957535586
598,185.00905133344398,139.40593124050503,126.2096487980493,195.71365774421272,190.873384296789,190.66996928335527
599,184.6439979063206,139.51633452911364,126.16569429727694,195.10901714435283,190.95063781303648,191.12141157994412
600,184.7033869093973,139.51768776091203,126.46403084347193,195.24371617512335,190.91538680646974,191.13401387252978
601,184.73180477716357,139.4993552999451,126.35404884400812,195.66377206555964,190.7862460256973,190.8216971908512
602,184.75793747047786,139.60192005719318,126.36218100113621,195.57139887757222,190.85491581791726,190.7583392995989
603,184.92977237619843,139.6320230815386,126.34679756418276,195.66513468363397,190.8460626496378,190.8390340038646
604,184.95753916074096,139.75380117705635,126.28102539224572,195.80565371024736,190.8099494214647,190.71124814275927
605,184.9642287217066,139.77360176686113,126.36804075015,195.94049131234746,190.73332717460758,190.80465291731142
606,185.04114590647382,139.74024332639695,126.32669058227266,196.0137262600368,190.76818556240713,190.7843291223046
607,185.06475086491938,139.66303251586217,126.40147578864051,195.74696105375799,190.83133559666504,190.96857510181144
608,185.01243441293997,139.67170085917454,126.24761588643067,195.8201960014473,190.83319861120734,190.7463528795892
609,184.99101249824463,139.62576757605547,126.28657874915423,195.7274147978783,190.8576795461019,190.7005011663087
610,184.84929338320717,139.64653840752703,126.14517879255978,195.62571114036507,190.86055875039455,190.74683787924278
611,184.910137748784,139.60410310094343,125.8796645006447,195.8358622600984,190.7911576094906,190.33438801511969
612,184.89013289757568,139.5101428553191,126.15472801317486,195.8564401025428,190.7945526070656,190.37144814737832
613,184.87363878924054,139.56059542199128,125.87630695382416,196.04714504569006,190.7040347352133,190.31260922115214
614,184.93833858880902,139.60192005719318,125.81830948155903,196.0891706505924,190.68115506901623,190.18572407368916
615,184.78451698561233,139.65279391301019,126.04742694463239,195.6574439748416,190.8151150526956,190.25603362664265
616,184.76606962760593,139.6632367772657,126.06181460724362,195.62427923662594,190.7980630807486,190.3701394181544
617,184.83293970458695,139.73331120501462,125.87755805492078,195.4038661400956,190.88035135530458,190.52320684850304
618,184.93157242981707,139.74842654887593,125.84448047388645,195.32784436900005,190.89992070640585,190.5356705697591
619,184.94853889264786,139.81833501423446,125.93883647598014,195.40997097700486,190.90362364026882,190.93052957343124
620,184.86162566544536,139.88538381994357,125.98023770920835,195.2945410594548,190.91374704573624,190.78283563130788
621,184.85572761741838,139.87753252224533,126.11069691437618,195.47507640669144,190.93046028776646,190.17503098608898
622,184.76989952892214,139.92189554582478,126.07187448136753,195.46494530281686,190.87729508764636,190.18560089917395
623,184.81580727936577,139.9188954564604,126.20719766120693,195.28668868411125,190.91226895155393,190.24254601722905
624,184.8525232666505,139.94977722740677,126.21548301438766,195.3027860535655,190.9024765775961,190.45609213453736
625,184.80069193550446,140.05589102654122,126.25883749728715,195.64678168087022,190.90306935495047,190.3101842228843
626,184.92803615426843,140.11894396854373,126.51527492308281,195.60428647312872,190.98769024688792,190.21650230567295
627,184.8847199703821,140.2161723966246,126.41177822318112,195.35667490396236,190.97852144391325,190.23059808925532
628,184.97440349287,140.2348112496968,126.29154485452759,195.3513168125515,190.99080810180374,190.47697791326974
629,184.7917044337491,140.36287038337312,126.46629048524849,195.31433366436485,191.0255048230521,190.2086961207726
630,184.8238373057921,140.3294991765712,126.4373619639734,195.24401641300415,191.1076930183145,190.16396837494324
631,184.67777763592957,140.16667730528144,126.13349759354534,195.93508703049338,190.89621777254285,189.8354542445168
632,184.68968862902298,140.26739094356003,126.09232615439609,195.9213838656782,190.91908974033274,189.818640923193
633,184.5890898877839,140.20658487699635,126.15923453039026,195.39883138178712,191.02160173060193,190.02518918835693
634,184.69110569250998,140.1323103241373,126.43367249237211,195.5361555694127,190.95075328914447,190.19945803213315
635,184.63864881081565,140.10456907227024,126.45158366419425,195.5563561899043,191.0205085567796,190.56750348352926
636,183.9935785321265,139.38380717723507,125.8959543475763,194.7177686936573,190.02267180920268,189.67071602885363
637,183.92144872400453,139.17279238104965,125.74426472277898,194.12217372225686,189.99681285941938,190.11078007960154
638,183.62644419195465,139.20417203916713,125.55538675620124,193.83350654749532,190.1026274663772,189.9383819487748
639,183.82866298145052,139.10866706667858,125.4482771827246,194.0788316897234,189.9534708268859,189.14826362425615
640,183.9535688297098,139.07133829518327,125.41957845552847,194.16868749855655,189.97783628567248,189.0414559227696
641,184.0365755575698,139.07190001404297,125.37475584379109,194.56266888380793,189.83311392872815,189.17342971739149
642,184.10294774737972,139.07792572544713,125.42302536671305,194.5529842875509,189.8890890474761,189.08954017413797
643,184.54936104479708,139.69411854821206,125.98367185405523,195.75351239828478,190.7279844800111,189.81900274833137
644,185.0952241130587,139.9452324111782,125.96263292949152,196.0769763735883,190.84202098585803,189.94785868803746
645,185.13533594617712,140.0129578327865,126.17712016953696,196.18087407715345,190.83762519534707,190.13454506262653
646,185.45307732570757,140.550369585477,126.92367006676794,196.5960260822036,191.7503098608898,190.94049131234746
647,185.5066321124459,140.92792125722895,127.13788921372127,196.73836963132328,191.87645596126163,191.10150349892606
648,185.50707893426613,141.0484737843255,127.16813266778159,196.70962377884015,191.9041933224016,190.97412565340233
649,185.64985765533442,141.09359002183044,127.27904660989901,196.76950199003826,191.8491805045536,191.1709277350516
650,185.2072359602201,140.4833846114565,126.80010468396931,195.85861105337307,190.91022887364605,190.25798132366413
651,184.92834254637373,140.49791270378267,126.47509925827578,195.90452435391117,190.88514746298992,190.30003772219527
652,184.9952509223679,140.43487252811786,126.56319975488631,195.95409439786908,190.78327444051826,190.1183399154715
653,185.03273288991588,140.42828509785397,126.65834726991868,196.03450426106838,190.7963232407215,190.15988821912745
654,185.13619129080442,140.35304030332819,126.57511074797972,196.1783566979992,190.7701640530574,190.26217695558788
655,185.15348967841595,140.34501027690186,126.59900933219288,196.08786961977566,190.76963286296066,190.41164153136717
656,185.1537067061572,140.23860285199984,126.57388517955854,196.02690593316242,190.76990230721265,190.2858187640977
657,184.96606707433838,140.22066614750227,126.42837446221802,195.6711471396568,190.7875624533284,190.2965426453267
658,185.01655794002374,140.10542441689753,126.61135438076879,195.75334303332642,190.78797046890998,190.39120995865954
659,184.80004085228072,140.1064584902529,126.4442685526803,195.897611184246,190.7844292015982,190.19957350824114
660,184.88654555667617,140.0279455132706,126.44048971671496,195.93955980507633,190.80401394951386,190.21714127347053
661,184.71670219964,139.8371142970216,126.49372534501028,195.43701548149687,190.87822659491752,189.99054635595894
662,184.73216223461975,139.87901341742094,126.73609426663774,195.6063881382942,190.87054358453236,190.20784929598065
663,185.25329690671637,140.49783610575633,127.27930193665343,196.31255533230174,191.79074959390903,191.48076552961192
664,185.5559229423855,140.68675237134724,127.54311830565166,196.29484129733558,191.92441703811483,191.91654926595686
665,185.59111973548147,140.79982382453946,127.71986825139473,196.03477370532036,192.10238111734682,191.91209188818834
666,186.07552565395565,141.44522602800936,128.07924065823238,197.07415875655326,192.95290114475316,192.48748623909714
667,186.46954590136727,141.59480920708276,128.114041694859,197.62936018537764,192.87929667351824,192.30096922946643
668,186.52073891562728,141.67874787759635,128.33538445826045,197.69256410848595,192.9179965665104,192.29994534130887
669,186.5341308038963,141.80865813024218,128.11664602775403,197.80523029785138,192.93533337952377,192.36571283401463
670,186.5518504806526,141.8753494784951,128.26642070189325,197.70461211575326,192.9437862306289,192.34207102550482
671,186.6523853902031,141.88286885141258,128.3081538599022,197.46532252476962,192.98244763158502,192.05909297366375
672,186.69577817211575,141.94114718310757,128.1958994523241,197.3852667883015,192.97420263747432,192.0205162551868
673,186.70874877123998,141.97792700208092,128.2919150783215,197.68231752850335,192.92896679676974,192.41003256426245
674,186.15078321481917,141.42974046035414,127.58639619052482,196.84152058939006,192.0600552745637,191.4725051386868
675,185.96505853365844,141.21900652359858,127.57351495576464,196.65505746860975,191.9622855031294,191.63733573523638
676,185.8260075832046,141.1832480116429,127.63586574919253,196.53657898180867,191.89130618874955,191.60912107285003
677,185.91061010327968,141.20669977403583,127.5271093181499,196.45348237449673,191.91193022163714,191.51958859711925
678,185.42765954730567,140.5479567476478,126.69771865544931,195.38548234370307,191.04490480919497,190.56655657944373
679,185.3185711914823,140.3732749486155,126.42593609171337,195.52316835646704,190.87858842005588,190.04347290545587
680,185.29127676143546,140.2114488516679,126.27133574191572,195.4882714766315,190.845454475469,190.02423458586418
681,185.166970931049,140.14342980429205,126.21041477831254,195.616642416684,190.856293832806,190.00769070879235
682,185.1778733834625,140.09407514266383,126.19246530747725,195.5223292300823,190.87612492975202,189.95454090548665
683,185.00501717072424,140.08216414957042,126.27360815003,195.79675435152467,190.81471473552122,190.03154807270377
684,184.97615248113775,140.06337210044555,126.14994063652959,195.83287527810495,190.78670793012927,189.89643332794444
685,184.9320830833259,140.0731638814773,126.15905580166218,195.41532137000854,190.9038314972632,190.00110087222953
686,184.945653700323,140.04216721349147,126.19939742885958,195.34019261414812,190.96999930714335,190.09454413881767
687,184.8767793083198,140.0669211423319,126.20713382951833,195.33512706221083,190.96136169426546,189.7824353141335
688,184.8297098211436,140.0862749103165,126.08872604715886,195.40558288490112,190.9626473282678,189.75056390832736
689,185.02373262182277,140.06656368487572,126.23440272688974,195.40317328344764,190.95670415790974,189.8147224339284
690,185.06687007698102,140.02064316809438,126.34309532624376,195.40852367645135,191.00074674549836,190.10988706436638
691,185.03911605877622,139.95088789878847,126.42146787351112,195.54573238796894,190.9330392541783,190.36038553623254
692,185.21277655079086,140.08889200954923,126.25747149915104,195.52764882945718,190.94399408762328,190.31297874469772
693,185.327086338742,140.0754490559293,126.37135999795738,195.54179080348277,190.90296927565686,190.3834191705736
694,185.2189043928968,140.16025583740793,126.51504512900384,195.50633193992164,190.93343187294548,190.50926503306465
695,185.29311511406723,140.13001238334758,126.68615235347436,195.3990854292247,190.89452412295896,190.6505462019908
696,185.35357648951245,140.16411127139958,126.59459217934152,195.4144591484022,190.94942146469896,190.66934571237212
697,185.2911873970714,140.224381151779,126.74135399777866,195.18091256918945,190.96646573823875,191.04887718730996
698,185.35992135935965,140.30132386922165,126.69886762584417,195.30267827586474,190.91680331339447,190.84029654264532
699,185.34960615848132,140.35975539696926,126.67047529075334,195.1731679715467,190.99709000207858,190.4109717699408
700,185.33939308830475,140.34543156604664,126.79443643002132,195.28835154006637,190.95933701317196,190.4007251899582
701,185.4126335678084,140.37880277284856,126.94539837356858,195.61895193884385,191.01585871883108,190.18771026274663
702,185.33884413578278,140.46340529292362,126.57557033613767,195.60026020616334,190.938081710894,190.17577003318013
703,185.82678632980557,140.88695407948322,127.43660875004787,196.3612708530605,191.8377637666767,191.592415529227
704,185.9751439404578,140.98522934725716,127.53460315839195,196.39162567264833,191.9142936326474,191.67812959498679
705,186.05220155493993,140.95455183771432,127.64081908822816,196.56604848456854,191.84881098100803,191.7071679869435
706,186.53908414293193,141.45394543667257,128.08243224266255,197.26437870004696,192.7412180419871,192.41212653102073
707,186.63946585642978,141.5778810432651,128.29181294761972,197.5324141435137,192.82944178849397,192.5392580275141
708,186.63977224853505,141.60489461388212,128.34032503095838,197.39524392403212,192.85918843391303,192.74954002016983
709,186.62192490840152,141.68668853965863,128.12518670768915,197.49011139595217,192.85763335565872,192.4777862460257
710,186.61509491772097,141.6621771712349,128.23352184958702,197.4211721594802,192.88808055613293,192.6112843252731
711,186.66640282902043,141.68255224623712,128.2090998455273,197.49707075606057,192.84901883800242,192.8492651870328
712,186.64852995621146,141.6600834918487,128.21891715923454,197.3541498264009,192.88103651354535,192.54861929066877
713,186.585885537016,141.68843752792637,128.15854514815334,197.34436515085028,192.86390755752635,192.61773559050633
714,186.6921652985408,141.738047516309,128.20382734804866,197.31408731533446,192.91072927011402,192.32301746768593
715,186.77384432727783,141.6918461400978,128.24236892162745,197.4367614340593,192.92414759386284,192.38579027999106
716,186.16192822764933,141.055993157243,127.35561910354777,196.5996751272162,192.0171982416838,191.55504746068038
717,185.36838544126846,140.2589140953135,126.47292898086326,195.89376198064622,191.01258689577128,190.39654495484885
718,184.57189363087411,139.35757235321904,125.68613958713664,194.79770895401742,189.95473336566664,189.25294656535561
719,183.66083670577422,138.4941083351419,124.7127063359334,194.0085606288059,188.9057945910991,188.60675766183977
720,183.56505087385582,138.35055086747263,124.7032592460201,193.85381494568773,188.82496901391102,188.5242153398462
721,183.42933193754706,138.16676666964548,124.55154408854732,194.16354496254726,188.67684396098448,188.41590644895572
722,183.5659062184831,138.16287293664067,124.70082087551545,194.22497055359247,188.62889058253847,188.33361047599251
723,183.63658066410488,138.192248279736,124.66361976739732,194.06598304810734,188.71477401325666,188.5174099478818
724,183.75870345074108,138.29920465716,124.74860527760401,194.06907010939437,188.73088677952532,188.51465391810436
725,184.33064814696607,138.80581123693045,125.3148689535433,194.92875893977535,189.5253239104829,189.5409362802836
726,184.5636082776934,138.98819113760837,125.4538943713217,195.05759948266703,189.57422419301446,189.37882322147547
727,184.70403799262107,139.01101734945297,125.55038235181473,195.33312547633895,189.4947997259367,189.28373249574662
728,184.71488937968365,139.04149059759226,125.54749715948985,195.44781634679785,189.52823390840436,189.24611037976243
729,184.57948960181793,138.95517738826263,125.6210440310988,195.2960576456731,189.53339184122805,189.26477131881413
730,184.50193410016468,138.88701791117182,125.56533173328567,195.2551483098147,189.4897341739994,189.16312924855848
731,184.45903920542315,138.91971250207453,125.3230138770091,195.20281453767217,189.6024773474368,189.01868403427332
732,184.86357891511662,139.52437732187767,125.7838148370377,196.00715182028839,190.58701894578013,189.95342463644272
733,185.21432127765507,139.71519577178896,125.94624095185814,196.01788339992456,190.76271199488826,190.20768762942947
734,185.28221266165374,139.75470758703452,126.31451149608712,195.9263493383219,190.79590752673272,190.40131796731256
735,185.43935351265782,139.8258799198274,126.22662802721783,196.06910090302316,190.77338198726684,190.2295895979122
736,185.28351482810126,139.84891039307553,126.13726366317294,195.69298752088193,190.8083712479888,190.07927819734098
737,185.25514802568588,139.90794193869604,126.11917376262272,195.4470234108563,190.8359007521344,190.1795730463367
738,185.48011642900002,139.8516679220232,126.1607920235922,196.00192460179989,190.7997336351109,190.19970438116354
739,185.64708736004903,139.89500963858498,126.16697093104901,196.1299876055644,190.808263470288,190.04371155607905
740,185.60114131059223,139.93687045997115,126.13659981361147,195.88742619152097,190.77502944640753,190.05893130711254
741,185.56754030971135,139.9645478801496,126.0201708135987,195.74054058215356,190.78647697791328,189.85336843807016
742,185.55502929874507,139.99176571217015,126.34894230891985,195.66332555794207,190.87101318737155,190.1231206263424
743,185.30681339444155,140.10805428246798,126.33050771725115,195.7297089232238,190.85663256272278,190.16292139156408
744,185.3270735724043,140.12659100483845,126.44056631474129,195.74798494191552,190.84510034873784,190.39796146177355
745,185.41309315596635,140.1836820671254,126.38329652372624,195.6314772473575,190.80955680269753,189.9894839757654
746,185.46982676079713,140.1471065095556,126.68890988242202,195.81027275456708,190.80710870920805,190.13420633270977
747,185.58051090883558,140.21608303226054,126.5135387011528,195.8919836485831,190.77833206309614,190.12656951276782
748,185.71776180567082,140.29431514981297,126.55774852867958,195.95220058969798,190.7978552237542,190.06753812636165
749,185.80242815743446,140.3052431349019,126.76465256411893,195.99084659383973,190.74445907141813,190.35396506462814
750,185.7930704318852,140.22923236011286,126.82570119109931,195.9710231953009,190.76310461365543,190.39442789286898
751,185.8002195810088,140.00819598881668,126.48367823722408,196.33328714289013,190.64192398592732,190.07785399200904
752,185.7545160919687,139.98653151370468,126.66162821871289,196.2653410009469,190.69291823521712,190.24040586002755
753,185.78081474767333,139.9020566570068,126.45690722702378,195.88166778293572,190.77950991939767,190.13075744628438
754,185.6895609656458,139.89581391786137,126.49228274884784,195.88497809803152,190.73937042425922,190.04741448994204
755,185.53365844940063,139.814288085177,126.64161060116685,195.9811389023611,190.71331131588875,190.1746537641362
756,185.5504972488542,139.74882230534527,126.6491682730975,195.99502682894908,190.66688992047546,190.20647897949914
757,185.56090181409658,139.75904814185955,126.47396305421864,196.1541067153206,190.5941322740325,189.92027529504145
758,185.525870983391,139.7799211040329,126.41273569851016,196.2396745113436,190.60852059708847,189.88958944394406
759,185.65187473669428,139.78804049482326,126.51181524556051,196.18935002348013,190.6919251406884,189.96768208657627
760,185.6672326409723,139.79693863221456,126.46480959007289,196.15131989191437,190.71627520266057,189.95588042833938
761,185.52718591617622,139.7957130637934,126.52182405433354,195.86547033418785,190.79930252430773,189.92546402149395
762,185.54554390981858,139.8763324864996,126.36030434949126,195.86799541174932,190.79473736883838,189.8781419124383
763,185.62068657364262,139.89289042652334,126.30577932108616,196.25392426306996,190.7105398892969,189.76815476877834
764,185.57987259194954,139.97455668892266,126.28485529356193,196.21959706536717,190.72719924247673,189.61430979930253
765,185.72327686356616,139.98849752971364,126.0327456562536,195.87301477324343,190.8681339830789,189.8766715166632
766,185.75078832135426,139.91618899286362,126.40918665662382,195.7276072580583,190.82395282416067,189.72016289829634
767,185.756558706004,139.99917018804817,126.39712246747776,195.43512937173298,190.90960530266287,190.0136646727792
768,185.77099743396613,140.034966999017,126.5643614916189,195.32004588250692,190.93645734697492,190.06243408238836
769,185.73532828637448,140.10834790823557,126.53063282736082,195.68587419262954,190.8869719854962,190.24885101272548
770,185.82978641916992,140.09833909946255,126.53651810905005,195.8033210928659,190.82827163059963,190.37762226995235
771,185.7658143008515,140.1398935287434,126.7817211576515,195.6968521212961,190.81094251599345,190.41990192229227
772,185.80037277706145,140.19681862864,126.8200840025022,195.66357190697244,190.83011154992033,190.75766183976535
773,185.8760771597452,140.1635240198644,126.73327290600146,195.66038476639184,190.85516216694765,190.35589736483522
774,185.89924806270824,140.16114948104837,126.66166651772606,195.84333741348914,190.777631508041,190.229273963217
775,185.8829965147898,140.08060665636847,126.68613958713664,195.69479664657382,190.84176693842045,190.50383765598897
776,185.90189069461644,139.93630874111145,126.85960858408548,195.8580952600907,190.8015812528388,190.55504746068038
777,186.27678696812245,140.37262386539174,127.40114386385977,196.51525439386592,191.74930136954663,191.96487986635566
778,186.31798393994714,140.48161009051333,127.42451902822637,196.61196948351386,191.84994264686637,191.9450795630384
779,186.39940764192977,140.52428795751362,127.35840216517087,197.08483644733906,191.70096307074067,191.5805291885109
780,186.44027268897372,140.58739196486704,127.45681786265973,196.900698245533,191.78974110256587,191.48022664110795
781,186.30943049367428,140.52221981080288,127.31202206023158,196.7531813667752,191.73061733527334,191.54762619614002
782,186.37548352504118,140.5564591285698,127.4427876575047,196.678214277466,191.8066314079617,191.4760541044058
783,186.38775197559076,140.55940815258327,127.62459307298515,196.74785406899312,191.79367498864485,191.71324203022394
784,186.40705467822445,140.64863208691324,127.556586791947,196.79487594016797,191.81612354403873,191.72970122481658
785,186.50192133382697,140.6864332129042,127.48846561386935,196.4071918520058,191.8989276118771,191.3957597173145
786,186.55488886903015,140.73803474997126,127.49375087768571,196.43407468994664,191.91530982239775,191.22999761349377
787,186.4808441102501,140.80869642925535,127.33460571165949,196.3184600106238,191.94667313332872,191.3205616757893
788,186.40367159872847,140.83768878221903,127.27554863336354,196.23915101965403,191.95729693526408,191.08347382926473
789,186.54096079457685,140.86867268386717,127.41231440936538,196.70849981138903,191.87700254817278,191.332278651547
790,186.5041682092658,140.89550752575607,127.545799236573,196.62267026952122,191.88326905163322,191.41204184854155
791,186.4321788308588,140.95737319835058,127.53813943394059,196.37526655734928,191.97941445914842,191.36902314911046
792,186.48175052022827,141.0157281280719,127.51198120795088,196.59028307043272,191.9299213992625,191.3814791719593
793,186.4209572200023,141.10290944836655,127.46543514062121,196.83521559389362,191.8972878511436,191.36527402480428
794,186.44564731715414,141.14196167545416,127.4635201899631,196.89321539373503,191.84826439409687,191.30155430841359
795,186.57798317396689,141.24033907392987,127.10127535713829,196.88804206409694,191.82128917526964,191.07862383272902
796,186.55829748120158,141.2501819203125,127.12213555297392,196.84309876286596,191.8303886925795,191.04669853807246
797,186.67194341959123,141.1844863464018,127.25027128467657,196.79546871752234,191.83326789687214,191.14847917965773
798,186.6710625422885,141.1722689612031,127.2605864855549,196.9621777254286,191.74109486747193,191.0289768046991
799,186.66517726059925,141.05331222632162,127.52737741124204,196.81294410186533,191.7998029207757,191.2348399116223
800,186.61552897320345,141.03593724068378,127.34073355376543,196.83811019500067,191.82289044396714,191.10551436907704
801,186.58543871519578,140.9119888677535,127.49352108360675,197.0309706921638,191.78458316974218,191.03157116792536
802,186.55204197571842,140.89395003255416,127.34913380398565,196.94633440341192,191.77626888996667,191.0529881367545
803,186.37442391901035,140.9263509976893,127.17742656164226,196.84639368114736,191.80670069362648,190.96493375520606
804,186.3911095224113,140.85722127893172,127.4019609094739,196.8321516278282,191.80084990415483,191.18176709238858
805,186.36579387471116,140.86993655130152,127.20338052622844,196.6455422373111,191.83160504091703,190.89275348930306
806,186.3392271259144,140.81463277629547,127.20758065133855,196.68247919505455,191.82336004680633,190.87551675558328
807,186.35674254126718,140.8717749039333,127.16542620418481,196.6561737376537,191.84315265171637,191.03211005642933
808,186.26433978884478,140.90061406084436,127.13056133586957,196.63314780171982,191.83807940137186,191.06283439956272
809,186.2691782308409,140.8830603464784,127.14425961624389,196.11564547295166,191.9261183861059,191.18627835900753
810,186.23532190320563,140.94538560723086,127.34746141374424,196.16515392965195,191.98575794668082,191.23770371910052
811,185.95180707510437,140.9361044797079,127.12314409365385,196.0307320415406,192.030747438355,191.0411325896672
812,186.03766069627605,140.98082496074352,127.25887579630032,196.09305834622816,192.00732888365397,191.0632347167371
813,186.0254177784019,140.95849663607,127.43231926057372,196.1951546225086,191.9690908950938,190.90289998999208
814,186.20714659585605,140.97827169319936,127.32249045716256,196.29275502898452,191.93536417315258,190.89961277011787
815,186.34808696429255,141.04630350691298,127.40659509006652,196.6629791296181,191.8373172590591,190.84167455753405
816,186.43895775618847,141.08626214397876,127.67163702748593,196.73693002917696,191.85631692802758,190.84506955510903
817,186.7135616805607,141.06533811645454,127.62883149710842,197.20459286973525,191.73139487440048,191.09473659899766
818,186.63901903460953,141.15878770857003,127.76343976203546,197.09883215162782,191.75101041594493,191.1045905602131
819,186.72487265578124,141.16593685769362,127.72870255709745,197.12451403804553,191.6914170458132,191.0084374542907
820,186.79512581225825,141.1771457022124,127.76169077376773,197.01070848441458,191.75581422203746,191.10341270391157
821,186.83651427914873,141.1463022302792,127.6892035081896,196.68899974595257,191.80568450387614,191.13791696497995
822,186.82198618682258,141.10324137314728,127.56773180477717,196.66655888896588,191.80166593531797,191.25745783197456
823,186.71580855599953,141.07726187588565,127.5913750622359,196.92741171851543,191.75101041594493,190.9762119217534
824,186.70682105424416,140.99004225657785,127.47033741430596,196.82809456723405,191.75598358699585,190.85398431064613
825,186.72087679207465,140.96443298311013,127.38743281714774,197.0157047506871,191.71297258597195,191.0441811589182
826,186.6378189988638,140.91930397926745,127.39305000574485,197.0478609975596,191.7291084474622,191.00627420186763
827,186.48169945487737,140.93115114067228,127.33505253347973,196.82998837540512,191.8545924848149,190.98210120326104
828,186.40044171528513,140.96466277718912,127.34400173622193,197.03696005296504,191.76258882037305,190.97842136461966
829,186.43468103305204,141.0582145000064,127.24281574344768,196.547741672248,191.92196124621816,191.13744736214076
830,186.45391990399713,141.02543054473963,127.3507040635253,196.56036706005528,191.9128386336867,191.45049539250329
831,186.5141004200125,140.92693824922443,127.66438574766057,196.73381987266833,191.87765691278474,191.71245679268958
832,186.5921665751746,140.9412237811339,127.47324813930628,196.67517340662218,191.85145923308468,191.43285064320193
833,186.51055137812617,141.0213963820199,127.40060767767551,196.67762919851882,191.78829380201236,191.6079663117701
834,186.44042588502637,141.06164864485325,127.20123578149136,196.60524107562145,191.80787085152082,191.48493036790688
835,186.53725855663785,140.99871059989022,127.25974390726532,196.66919174422813,191.7772696829026,191.06485908065622
836,186.61984399535305,141.02273684748056,127.22071721285315,196.65844476777755,191.84115106584449,191.05349623162968
837,186.57775337988792,141.0779640244603,127.25304157996196,196.9540713026475,191.79206602154014,191.37756838110195
838,186.48291225696084,141.09744545582208,127.48895073470274,196.90876617627814,191.81691647998028,191.35043919413073
839,186.41333571638305,141.13584659968595,127.53625001595792,196.79900228642694,191.828979884062,191.48907980938745
840,186.45874557965556,141.1460469035248,127.8408676003115,196.79409840104083,191.8274017105861,191.390147578466
841,186.50839386705135,141.07934278893413,127.6241973165158,196.91338522059786,191.79716236710624,191.4141127200782
842,186.46686497044593,141.18314588094114,127.65107045741789,196.9639945495277,191.76954048207426,191.37097854453913
843,186.53282863744877,141.16624324979892,127.7703080517292,196.73252654025882,191.83631646612315,191.70283378369015
844,186.53009664117656,141.1880609209636,127.71266803692025,196.65129294748917,191.84061217734052,191.48705512829395
845,186.656457851936,141.0909090909091,127.72646844799633,196.59183045027984,191.8097338660631,191.47794021416968
846,186.5229091930398,141.1640602060487,127.643065963667,196.6697537279537,191.8662170796862,191.48148917988868
847,186.4614903422655,141.13169753992673,127.53252224534347,196.64084620891938,191.88509357413952,191.5426992155323
848,186.51781542428924,141.0624784568051,127.35694680267072,196.7359754266842,191.79851728677338,191.33189373118702
849,186.60762661015434,141.07866617303495,126.93118943968544,196.68943085675573,191.82422226841265,191.1215732464953
850,186.74053695216452,141.01839629265552,127.16614111909716,196.61889804999345,191.83441495954486,191.09335088570174
851,185.97201618771624,140.43611086287677,126.52811785882984,196.08288105191036,190.90025173791543,190.07594478702356
852,185.9739694373875,140.3034686139587,126.66997740358224,195.97836747576926,190.78750086607081,190.02632085421527
853,185.76927397837383,140.29750673424314,126.5762724847123,195.67225571029354,190.83924186085898,189.96668899204755
854,185.79354278638087,140.28790644827717,126.60477971684263,195.69115529996844,190.8029053788771,189.9966511928682
855,185.77575927793595,140.3565638125391,126.48957628525105,195.84091241522128,190.8033210928659,189.82868734458842
856,185.72297047146085,140.38810943304694,126.7605035043597,195.81569243323557,190.78527602639014,189.695266249413
857,185.60891601026412,140.47515032362665,126.73507295962007,195.65845246618474,190.87553215239768,189.87924278466787
858,185.80106215929837,140.49506581047095,126.66390062682719,195.67715959567965,190.83877225801982,189.78536070886935
859,185.82250960666914,140.5327775720979,126.49666160268603,195.88464706652195,190.75360477917118,189.74965549627782
860,185.95849663607,140.51425361606516,126.4729545135387,195.9933947666228,190.6934109332779,189.82307520573994
861,185.92706591260165,140.57738315609402,126.55578251267059,196.07234193245418,190.7102627466377,190.02177879396754
862,185.77342303813305,140.58270671892353,126.75737575161813,195.93433258658783,190.74677629198519,190.10730809795453
863,185.829326831012,140.61121395105386,126.75557569799952,196.0972154861159,190.65115437615958,190.02980823267666
864,185.8944096207121,140.63729557901723,126.73850710446695,196.20584001170158,190.63088447000317,189.99539635249468
865,186.03587340899517,140.66756456575303,126.95697744188125,196.0942900913801,190.65297889866588,190.1198103112466
866,185.9945870728064,140.73160051576005,126.78915116620495,196.15837933131635,190.70672917773314,190.09783135869188
867,185.98193563212521,140.62964854272255,127.0035745745618,196.0701709816239,190.705412750102,190.0959529473352
868,185.8932351176418,140.60170302945195,126.84967637333878,195.92141465930698,190.7741518279868,190.07649907234193
869,185.88184754439493,140.5012574842655,126.90681850097663,195.876702310292,190.72899297135422,190.25752711763937
870,185.73444740907175,140.43243415761322,127.07691718476721,195.68430371756082,190.77292778124206,190.16680138879266
871,185.61715029809397,140.2872425987157,126.77295068363739,195.4385397661224,190.7960230028407,190.66161651154377
872,185.65192580204516,140.30226857821296,126.87015357904278,195.46454498564248,190.8273632185501,190.32672040154893
873,185.63895520292093,140.26435255518248,126.99800845131557,195.69140164899883,190.7925433227865,190.29390979006445
874,185.70927219108654,140.30115790683126,127.11304592051678,195.5907680700863,190.87647905648322,190.25062934478856
875,185.682603311588,140.37072168107136,126.92632546501385,195.68803744505263,190.81556156031317,190.11352071256456
876,185.66770499546794,140.36407041911886,126.88094113441677,195.7158902823006,190.80225101426515,190.07971700655133
877,185.75597145446886,140.3851859417089,126.73895392628717,195.87269913854823,190.81029584978867,190.08534454221422
878,185.812002910725,140.33597170979561,126.80124088802646,195.89261491797348,190.74951692494824,189.9952038923147
879,185.85299562114616,140.3904329065121,126.79218955458248,196.11716205916997,190.74739216456115,190.0874231121581
880,185.2984003778836,139.7245534973382,126.08180669211423,195.11034896879835,189.86704080925657,189.11150372987828
881,185.09175166919866,139.6427595715617,125.7640142472329,194.85243693079903,189.77970237957766,188.89477047198935
882,184.95889239253935,139.67619461005222,125.78547446094139,194.71803813790928,189.78202729855192,188.93799702841483
883,184.97213108475572,139.67527543373632,125.67344984744227,194.83789463959906,189.7086845731618,188.79014911814747
884,184.94273020898495,139.72432370325924,125.76226525896516,194.72185654788024,189.75325065244002,188.82242853953517
885,184.85175728638725,139.7404603541382,125.8028749792547,194.88807285772575,189.62237773004765,188.620268366475
886,184.87680484099528,139.86929823441548,125.78219351214717,194.87614032656643,189.66538103266433,188.80594624972093
887,184.82695229219593,139.90195452630505,126.04519283553127,194.64009946342102,189.78846316697076,189.30440271907742
888,184.89702671994485,139.8887796657773,126.21884056120821,194.66527325496355,189.75828541074853,189.37276457500943
889,184.90799300404692,139.78445315392372,126.38830092811276,194.6235170943132,189.74402026220775,188.99742873199534
890,185.34428259565178,140.2869234402727,126.74915423012601,195.56105991670324,190.71326512544553,189.91823521713357
891,185.53287970279965,140.32947364389577,127.2513436570451,195.60864377160365,190.78312047237426,189.95829002979283
892,185.55601230674955,140.37144936232144,127.28430634103995,195.4675396660431,190.85314518426136,190.1178857094467
893,185.53109241551877,140.44167698612299,127.10814364683203,195.43991008260392,190.9226771980877,190.5445083412242
894,185.52860297966322,140.39737779423217,127.26388020068683,195.6591838148687,190.84808733073126,190.33476523707245
895,185.76843140008427,140.34192082317347,127.15387266854758,196.10123405467408,190.7927357829665,190.5105044766238
896,186.00953645427737,140.2573310694361,127.02064316809437,196.16851043519097,190.71751464621968,190.66959206140248
897,185.9214104249914,140.29727694016418,126.82761614175742,196.27637281846387,190.73504391941307,190.35327220798018
898,185.84995723276865,140.32828637448776,126.7608737281536,196.20758755013588,190.7535739855424,190.1113574601415
899,185.87804317575416,140.40623763261033,126.58640895686254,196.1916749424544,190.74224962855186,189.95745090340807
900,186.32609056439978,140.9333980161111,127.13571893630873,197.1648151997352,191.65989976673825,190.8919143629183
901,186.60120514228083,141.2497350984923,127.23533466954335,197.281161227742,191.7398554239128,191.01281014958005
902,186.61887375368627,141.30917516691986,127.29379172996643,197.03102458101418,191.84996574208796,191.05601361078394
903,187.1089862251216,141.75594592179343,128.2908171732775,197.92805068631301,192.6373665288652,192.1661085321447
904,187.45494121101478,141.93607894703246,128.59456664666607,198.1490103697545,192.73039408146454,192.4279390594086
905,187.41413999565944,142.09041120373797,128.72080019404834,198.04266457269992,192.74385859565655,192.74438208734614
906,187.5105769108016,142.20949560199665,128.93182775657147,197.96408693041408,192.89442404366537,192.8065852175185
907,187.49413386781734,142.31101351955164,128.89264786610664,198.17884939605995,192.8112427538742,192.72029377121873
908,187.60850748745708,142.34370811045434,128.89941402509862,198.0103620560906,192.8610976388985,192.72355019746414
909,187.65474716268145,142.40536952164533,128.75386500874495,197.910998714366,192.7757838903131,192.4383165123136
910,187.6658794091739,142.4626648453358,128.71674049865314,197.74890105237228,192.79438324210722,192.4231429517233
911,187.1266803692025,141.87616652410924,128.0442864255531,196.8099340246503,191.9347559989838,191.3321477786246
912,186.85687658781325,141.78735111258632,127.8108922393433,196.62703526640337,191.97281692417837,191.19617081225894
913,186.20228262118445,140.957628525105,127.02686037456435,195.81924139895455,191.04314187394627,190.3696929105368
914,186.06527428476593,140.77319324405408,126.90480141961676,195.6865054620199,190.90146038784576,190.20234493483298
915,185.730094087909,140.64332129042143,126.80458566850928,195.6607850835662,190.84409185739472,189.89280737815346
916,185.68606298911033,140.6005029937062,126.93943649385301,195.58288490111397,190.88081325973656,189.96457962847487
917,185.74749460622232,140.60530313668917,126.68492678505318,195.92255402357253,190.81266695920613,189.90127562607296
918,185.8129348533786,140.56774457111487,126.37907086594069,195.9828479487594,190.75902445783967,189.90530189303834
919,185.75281816905184,140.54688437527926,126.6258569404195,195.8681955703365,190.8113736267966,190.06093289298445
920,186.2633057154894,141.03863093794283,127.27064635967879,196.64425660330878,191.70605171789956,190.81913362125377
921,186.5973624746269,141.15887707293408,127.50561080542825,196.89967435737546,191.77327420956604,190.94233893007538
922,186.6537258556638,141.26523343248522,127.3039537347921,196.93226171505117,191.77639206448185,190.945025674188
923,187.14034035056363,141.81523279416834,128.20140174388175,197.4555840396622,192.72898527294703,192.05034758308506
924,187.2841531449873,142.0304094164507,128.30078768303736,197.5825230759756,192.8405043996397,192.10883238258003
925,187.39347129488962,142.09218572468117,128.55846344359193,197.34986181359076,193.02237157132188,192.6043788540151
926,187.36140225453525,142.13592319771226,128.67343708110454,197.4366305611369,193.0120018168241,192.45249697837517
927,187.333073751133,142.24272637908362,128.54482899490623,197.95815145846325,192.9129387129803,192.1078315896441
928,186.85588081347103,141.6936461937164,127.895328797028,197.18269859965974,192.0442581429902,191.5052310676921
929,186.7210299881273,141.548633363547,127.91455490163537,197.1128663479526,191.92167640515177,191.5013048800203
930,186.62160574995852,141.50498525487993,127.97282046699263,197.08288875031755,191.93732726698846,191.2103512783205
931,186.67436902375815,141.29187677930832,127.95850940240773,197.19419232160865,191.77357444744683,191.1676867056206
932,186.7345878387867,141.44091100585976,127.84013991906141,197.07477462912922,191.85026597996875,191.1470164822898
933,186.7180681977761,141.4991638048793,127.84555284625499,196.9986835723689,191.82137385774882,191.21311500650515
934,186.66679858548977,141.6288825624593,127.67941172715783,196.80175831620437,191.8889812697753,191.20345350546972
935,186.65719829952383,141.7205448672939,127.62990386947696,197.07000931507272,191.80787085152082,191.1386329168495
936,186.67641163779348,141.7618567361581,127.66383679513858,197.1352225224601,191.71622901221738,191.04545909451335
937,186.5979624924998,141.60855855280795,127.65581953504999,196.98570405783045,191.73870066283285,191.35214054212184
938,186.6081627963386,141.5587570693595,127.70139536071287,197.12282808686882,191.76566048484568,191.48917988868104
939,186.5808811326295,141.5148919329512,127.95826684199103,197.01123197610414,191.87580159664967,191.8062541860089
940,186.60867344984743,141.45828599149763,128.05063129540028,197.06191059069877,191.8753242954033,191.982601599729
941,186.5810087960067,141.36371296166269,128.06227419540156,197.18892661108416,191.79864046128856,191.60860527956766
942,186.69041631027306,141.3076559727311,127.90689509900295,197.2432311754698,191.7415798671255,191.5802058554085
943,186.56349338065388,141.24767971811926,127.92367006676794,196.87660992940562,191.8215894131504,191.62790518641694
944,186.57188086453638,141.2865021511279,128.05052916469853,196.83443035635926,191.8135599744413,191.52770271830758
945,186.68689280106216,141.35874685628934,127.65355989327341,196.8972108670716,191.8029130772843,191.4126654195247
946,186.50649168273097,141.34389960552016,127.61731626048436,196.67526578750855,191.87980476839343,191.29322463182368
947,186.5001595792215,141.3610703297545,127.68899924678607,196.8729146939498,191.92367799102365,191.58485569335704
948,186.46050733426102,141.395603273289,127.60597975258837,196.93439417384542,191.86773366590452,191.69120149041163
949,185.83788027728485,140.8116199205934,126.96315634933806,195.93032941484407,191.00984626280822,190.59554878095722
950,185.0410182430966,139.9924040290562,126.06242739145421,194.8679646181205,189.9589212991832,189.56547110402857
951,184.21961930780918,139.0312009293894,124.90141834012077,194.02327228496424,188.90648744774705,188.31297874469772
952,184.08748771239993,138.88514125952688,124.88903499253169,193.934956157571,188.81963401772174,188.25608751549305
953,184.1374934572519,138.88778389143508,124.7769082483308,193.74232661262386,188.84505415829466,188.07656065959952
954,184.63290395884133,139.37893043622577,125.37707931725626,194.44601491951315,189.71321893500235,189.02821466238635
955,184.97196512236533,139.64561923121113,125.63317205193346,194.72740709947112,189.76662278574562,189.2345550705559
956,185.14503836284484,139.78715961752053,125.92441051435574,194.8082711686952,189.78474483629338,189.1372779971824
957,185.6571217014975,140.59597094381536,126.62752933066092,195.6935418062003,190.68028514900269,190.10867071602885
958,185.9745949879358,140.77028251905375,127.02190703552871,195.79017991177625,190.78673102535086,190.26567203245648
959,186.80690914197444,141.46735009127931,127.8477741890184,197.01796808240374,191.67184769471197,190.9074959390902
960,187.02610716063882,141.64983212265898,127.74332001378764,197.0974464383319,191.74964009946342,191.0789240706098
961,187.23735175090323,141.57943853646705,127.95886685986392,197.42828548773258,191.6492143775453,191.17521574786176
962,187.71278293395974,142.12826339507984,128.35030830705597,198.3100918419979,192.49593139179504,191.95675804676011
963,187.7591375062236,142.3395973497083,128.5871238717749,198.6024542522152,192.45261245448316,191.797809033311
964,187.89978424889253,142.34604435025724,128.8504934189529,198.58232291738838,192.53135946172736,191.8254617119718
965,187.9209891358466,142.42127637844533,128.44632393305332,198.49001131665858,192.62272415837162,191.70283378369015
966,188.02083466316017,142.40685041682093,128.6071670219964,198.54703341878565,192.64763620406939,191.71279552260637
967,187.9445430289413,142.39619052482414,128.64989595434758,198.29568812212753,192.71860012163484,191.89488594809734
968,187.95636465767066,142.48281012625907,128.45942219555477,198.24969783751743,192.78820142112596,192.09633786769518
969,187.80780278561488,142.4960871174886,128.55717404348215,198.13495307820813,192.7977782396822,192.02304903115547
970,187.67987131531578,142.50388734983596,128.6237504946956,197.95472566725945,192.8284717891868,192.044327428655
971,187.83273544318342,142.47590353755217,128.5321647878873,198.1420048192029,192.83683225940553,191.93935964648915
972,187.8345099641266,142.5075512887618,128.56277846574153,198.0838279559959,192.86600152428463,192.07806954741065
973,187.73475380117705,142.56185928942566,128.48648683152265,198.02988521674865,192.87203707552908,191.85488502428848
974,187.68847582693954,142.58560467758613,128.7506861906525,198.04044743142643,192.84724820434653,191.77833976150333
975,187.6890758448124,142.60733298438677,128.82010953517764,198.15714758616443,192.84727129956812,192.1419586287597
976,187.75728638725408,142.62915065555146,128.70186771520855,198.14262839018608,192.83501543530645,192.09505993210004
977,187.13118688641788,142.02236662368665,128.14946828203392,197.5154314572315,191.8513591537911,191.1457000546587
978,187.07195107939384,141.97505457609375,128.01266420701893,197.39833098531915,191.79921014342133,191.1795576495223
979,187.08830475801406,141.89093717685208,128.15997497797807,197.37050124329275,191.77156516316774,191.1761010646897
980,187.08658130242176,141.85127216555387,128.16312826339507,197.2930860604941,191.7909112604602,191.18769486593223
981,186.94043226819522,141.94413450613422,128.21432127765507,197.27250051964248,191.74747684704036,191.01838379639253
982,186.95377309111336,141.96203291161865,128.21446170737002,197.17557757300014,191.76182667806032,190.8044142666882
983,187.02097509287512,142.0429970254433,127.99668075219262,197.05161782027298,191.81058069085506,190.7841751541606
984,187.01371104671202,141.95566250909602,127.9491133778453,197.03537418108192,191.8269475045613,190.77428270090917
985,187.00810662445264,141.86803436698114,128.00645976688668,196.86931183938043,191.97648906441256,191.21183707091004
986,186.88623916457087,141.9108143646832,127.92855957411497,196.77692325457863,191.969214069609,191.25898981500728
987,186.8768303736707,141.81338167519883,127.76868672683867,196.72711455999755,191.94484091241523,191.30437962385582
988,186.83597809296447,141.7051741966782,127.98400377883597,196.56958975188033,191.928512590745,191.3834961546456
989,186.7262003549042,141.620073789432,128.00663849561477,196.89097515723998,191.84309876286596,191.11758547156595
990,186.80560697552693,141.5391352082828,128.0059746460533,196.86102065482652,191.8337913885617,190.95868264856
991,186.7269535688297,141.31492001889418,127.92175511610984,196.6798463397923,191.84453836501228,191.06119463882922
992,186.67485414459154,141.44756226781223,127.878553829263,196.5943555278413,191.99105445083413,191.1217118178249
993,186.6939525858217,141.48002706463598,127.96341167609248,196.92879743181135,191.8991662625003,191.04338822297666
994,186.85286795776895,141.49126144183018,127.87173660492014,196.9758654934294,191.86178279713928,191.18373018622447
995,186.68490125237773,141.53206265718552,127.87809424110506,197.01814514576935,191.801127046814,191.0549512305904
996,186.7981131352849,141.61109905401437,127.63244437068339,197.05043226556427,191.79717006551346,190.8970645973348
997,186.90215878770857,141.55617826913993,127.85582974812016,197.38654472389663,191.70599782904918,191.03542806993232
998,186.92581481150503,141.61058840050555,127.8278459358364,197.39786908088718,191.65719762581122,191.18874954771857
999,186.81778606171247,141.64205742298708,127.73590277157192,197.23527102242545,191.70956219158256,190.92528695812837
1000,187.3713599979574,142.17456690199282,128.37682399050183,198.06236479672356,192.62544169611309,191.63208542152628
1001,187.43764282340325,142.36800245113685,128.65936857693634,198.01923062118448,192.7958767331039,191.918058153768
1002,187.50864919380578,142.54687160894153,128.66467937342816,198.0786007375074,192.82039616003448,191.8920914262839
1003,187.4780099832761,142.67997344601753,128.8013430187282,198.07113328252385,192.84232122373882,192.02600521952007
1004,187.62242279557265,142.71186375764384,128.80607933002258,198.08412049546948,192.8340762296281,192.05202583585455
1005,187.62521862353347,142.76163970841685,128.97690569506327,198.05007813883307,192.8563862136924,192.08370478148072
1006,187.67579885358288,142.81290932070317,128.98471869374833,198.01702887672542,192.85660176909397,192.08646081125815
1007,187.55804215444715,142.7966960717979,128.98276544407705,197.99518079709307,192.8511589952039,192.09304294941376
1008,187.6499087206853,142.70198261224803,128.9881528385952,198.0803251807201,192.84734828364012,191.98714365997674
1009,187.54961637155148,142.6539684160805,129.05978475954603,198.03844584555455,192.87698715135838,192.12923316165885
1010,187.5665190026937,142.52176022264493,128.85785959581776,198.21268389570199,192.7945910991016,192.26624941299644
1011,187.83953990118854,142.36109586242995,128.8619575902261,198.400948443767,192.7879396752812,192.31949159718855
1012,187.78318928648937,142.23834752524544,128.79129591094204,198.42416683988083,192.64587326882068,192.29825169172497
1013,187.6174056248484,142.27350601932824,128.7431157523841,198.02855339230314,192.8029515693203,192.18895740471297
1014,187.5784938274757,142.31028583830155,128.66221547024804,198.099609690755,192.7857225340077,192.3184831058454
1015,187.46452873064305,142.27383794410898,128.63291672517906,197.99592754259143,192.78538380409094,192.25778116507695
1016,187.43196180311753,142.2464158506849,128.54041184205488,197.77646904855385,192.78386721787263,192.1697036883069
1017,187.46201376211206,142.23173456230612,128.66419425259477,197.99240937050124,192.73495153852667,192.2723773451273
1018,187.5541228887669,142.29206827437412,128.5341308038963,198.10046421395413,192.7069909235779,192.17218257542515
1019,187.61283527594438,142.3619895060704,128.46569046737562,197.989353102843,192.75427454059755,192.00740586772596
1020,187.62186107671292,142.35653827986366,128.51305358031942,197.96979914855618,192.7825584886487,192.07953994318575
1021,187.51092160192005,142.19919316745606,128.6170226347168,198.12394435591276,192.7106553654049,191.8167086229859
1022,187.52339431387318,142.30387713676578,128.6450958113646,198.11494491789648,192.76617627812806,191.85381494568773
1023,187.51967930959646,142.3150604486091,128.61052456881694,197.70953909636097,192.8184638598274,191.82059631862168
1024,187.50464056376148,142.39800334478048,128.5527058252799,197.69044704650608,192.88665635080102,191.8458624910506
1025,187.62298451443235,142.38509657734485,128.75146493725344,197.80216633178594,192.79310530651208,191.9521005104044
1026,187.6098096539046,142.4424940317371,128.64549156783394,197.74040201082397,192.82653948897973,191.904016259036
1027,187.67886277463583,142.55197814402982,128.7252811785883,197.92263100764453,192.79523776530635,191.54412342086422
1028,187.70662955917837,142.65839833526957,128.45103471167226,198.05220289922016,192.74877017944988,191.6012763959137
1029,187.76741009306662,142.67508393867053,128.63866157715336,197.74530589621008,192.88309198826764,191.62106130241654
1030,187.83290140557378,142.65797704612478,128.77134212508457,197.88064389477816,192.83212853260662,191.75666874523662
1031,187.7469967190512,142.59083887605163,128.86355338244118,197.7055821150604,192.9345866340254,191.82784821820366
1032,187.7654185443822,142.5626891013775,128.7280004085228,197.7821273778455,192.9072726852814,191.87605564408724
1033,187.70225070534016,142.47531628601703,128.91842310196475,197.71451226741186,192.88236833799087,192.0545971038592
1034,187.56561259271552,142.40146302230278,129.00496610537334,197.5601976950969,192.91333903015467,191.95189265341
1035,187.60788193690877,142.28640002042613,128.850352989238,197.35431149295212,192.9778439840797,192.54019723319246
1036,187.64787887298772,142.21516385594464,128.8354419067802,197.41171081703195,192.96155415444545,192.66016921099023
1037,187.60591592089978,142.2050273837944,128.8275395437311,197.897341739994,192.82409909389747,192.49706305765338
1038,187.74555412288876,142.13657428093603,128.8475316286017,197.81789417769463,192.8252692517918,192.27491012109596
1039,187.68257777891256,142.1850991306124,128.63572531947761,198.01237134036967,192.78644618428447,192.04159449409917
1040,187.73105156323805,142.1463022302792,128.7221917248599,198.0410171135592,192.78915602361872,192.1490719570121
1041,187.749154230126,142.23107071274464,128.54632265641956,198.2139002440395,192.7291854315342,191.79747030339422
1042,187.84734013353588,142.1986059159209,128.3510104556306,198.1350916495377,192.7619652493899,191.84012717768692
1043,187.85171898737408,142.19057588949457,128.24087526011414,198.26873599852192,192.69261799733636,191.9043395921384
1044,187.806015498334,142.13079112994856,128.33833348227395,198.22907380462982,192.58952862652717,191.8783574678399
1045,187.79995148791667,142.12726762073763,128.64482771827247,198.14272077107248,192.64984564693566,191.862775891668
1046,187.8295693914287,142.19789100100854,128.47262258875796,198.0925271561314,192.7602254093628,191.90260745051847
1047,187.6684709757312,142.25724170507206,128.6873523892201,198.12229689677207,192.7482389893531,192.4095090725729
1048,187.67965428757452,142.35704893337248,128.68565446630325,197.97172375035606,192.7842444398254,192.4128578797047
1049,187.75718425655234,142.37000676615898,128.77355070151026,197.93766599690525,192.7723273054805,192.0581614663926
1050,187.85732340963347,142.38350078512977,128.61588643065963,197.97200089301523,192.77657682625465,192.00726729639638
1051,187.74256679986212,142.34395067087104,128.42137850914708,197.90700324102943,192.78299729785908,191.71868480411402
1052,187.80325796938632,142.50067023273033,128.45030703042218,197.96015304433513,192.83005766106993,191.8339992455561
1053,187.8975629061291,142.4651159821782,128.62621439787569,197.9518464629668,192.84136662124607,192.12533006920867
1054,187.87653674790312,142.47313324226678,128.7780189197125,197.89125229989915,192.90601014650068,192.09656881991117
1055,187.92644036205334,142.42269344193232,128.77868276927398,197.89676435945404,192.87042810842436,192.15009584516963
1056,187.97188852433902,142.37070891473363,128.65776001838353,198.0086145176563,192.8426214616196,192.1420048192029
1057,187.91758052367518,142.31292847020976,128.69547178001048,198.12021832682817,192.74538288028208,192.26779679284357
1058,187.8570170175282,142.21970867217323,128.77593800666403,198.1250221329207,192.7190620260668,192.21852698676645
1059,187.8102156234441,142.16118778006154,128.534143570234,198.05930852906533,192.76739262646558,191.98922222992064
1060,187.68559063461464,142.15583868455656,128.51776435893836,197.90351586256804,192.8169472736091,192.17875701517357
1061,187.6619473771559,142.15749830846025,128.70277412518672,198.01629752804143,192.80941823136794,192.195131527287
1062,187.6048690812067,142.16588579234275,128.60373287714953,198.17684781018806,192.77937904647527,192.17021948158927
1063,187.70922112573567,142.13011451404935,128.53152647100126,198.08191875101042,192.7569458878958,192.2463105383496
1064,187.68145434119313,142.16654964190423,128.65252581991805,198.0992093735806,192.7862691209189,192.18612439086354
1065,187.752307515543,142.17554990999733,128.48118880136855,198.22161404805345,192.74794644987952,192.14167378769332
1066,187.7587672824297,142.20451673028558,128.44645159643053,198.2382426076045,192.749894146901,192.13079593832038
1067,187.61162247386093,142.2128531488172,128.5974901380041,197.88290722649484,192.80898712056475,192.0290537887711
1068,187.63197201618772,142.23608788346888,128.6014987680484,198.05806908550622,192.7481927989099,191.98879111911745
1069,187.5515313222096,142.252262833361,128.49024013481252,198.1677328960638,192.71478171166385,192.11696190058277
1070,187.60271157013187,142.1985931495832,128.60115407692996,198.2775429763582,192.57092927473306,192.12570729116146
1071,187.6699646372445,142.20978922776422,128.35690850365756,197.9747030339423,192.7140580613871,192.32796754351526
1072,187.71052329218318,142.25886302996258,128.35232538841584,197.8888426984457,192.75834699800612,192.24547141196487
1073,187.81313911478213,142.23562829531093,128.5755831024754,198.1366929182352,192.73498233215548,192.22889674126424
1074,187.17267748401017,141.62898469316107,127.8795368372675,197.2278189642563,191.86242176493684,191.5734389554801
1075,186.40882919916763,140.94870485503824,126.90406097202896,196.12076491373935,190.86589374658382,190.26913631569627
1076,186.26395679871317,140.78870434438474,126.82368410973945,196.03631338676027,190.75382803297998,190.21122119833407
1077,185.490584825931,140.01586855778683,125.91187397071403,195.0050963455661,189.85222137539742,189.16516162805917
1078,185.3998672300877,139.7389028609363,125.70130599634882,195.00792935941553,189.67719808771565,189.18296804391173
1079,185.08087474946063,139.69453983735687,125.6964803206904,194.8923608705359,189.63193915178948,188.9362956804237
1080,185.12579949189976,139.63540616103458,125.7102296664156,194.93951361463314,189.60741972485891,189.0410325103736
1081,185.1240888026452,139.3312226321635,125.73198350589166,195.15362171566701,189.54959698838312,188.67560451742534
1082,185.25545441779116,139.39131378381484,125.51861970356563,195.1677944833214,189.56928181559235,188.71542067946143
1083,185.3291034201019,139.34190805683573,125.77649972552373,195.06145638467402,189.6109378969491,188.65531921445452
1084,185.32241385913622,139.38957756188483,125.92236790032044,195.0085837240275,189.643571445068,188.78542229612694
1085,185.30847301834524,139.43743856199973,125.99480410054768,194.8016890305396,189.6626865901445,189.0015550782543
1086,185.29399599136997,139.5070534015907,125.97282046699263,194.75110279683133,189.7055128293956,189.0774536748347
1087,185.25597783763772,139.5764001480895,125.83510998199947,194.6047098855247,189.6955202968506,189.08758477870927
1088,185.19783993565767,139.61947377155914,125.80177707421072,194.4929752034304,189.7416029623471,188.99949190512484
1089,185.30995391352081,139.6218993757261,126.01760477971685,194.87173683764829,189.69085506208765,188.8544231198565
1090,185.28306800628104,139.70762533352058,126.09578583191839,194.99784444598413,189.67541975565257,188.845762411757
1091,185.3701344295362,139.73140902069423,125.92665738979458,195.04001632062327,189.66711317428425,188.76462889828093
1092,185.41643793644917,139.75705659317512,126.04879294276851,194.9644718507741,189.6781911822444,188.75284263685845
1093,185.40705467822445,139.76661858012793,126.15774086887694,195.12700062357098,189.6645265094652,188.61765860643433
1094,185.367172639185,139.7845552846255,126.18363100177451,195.11592261561083,189.5889358491728,188.66510389000516
1095,185.3224521581494,139.80143238309228,126.39522028315737,195.24223808094106,189.5458786577057,188.92583354503952
1096,185.2997663760197,139.86267250513845,126.33562701867716,195.14491481712435,189.50891090633348,188.93089139856963
1097,185.47249492538074,139.9518964394684,126.217844786866,194.82486123621024,189.6246102681355,189.2465491889728
1098,185.54297787593674,139.9827271450639,126.1992825318201,194.8511666936111,189.64570390386228,189.25942092581045
1099,185.67641163779348,140.06454660351585,126.27567629674076,195.0974772319607,189.62125376259652,189.02510450587772
1100,186.23274310298603,140.55931878821923,126.92626163332525,195.9776053334565,190.50648590806563,189.93358584108947
1101,186.27102934981042,140.73682194788782,127.00702148574638,195.9656805007044,190.66355651015806,190.05037837671387
1102,186.24515198325057,140.79137250896835,126.9473260905644,196.00424182236696,190.68719831866787,190.23732649714773
1103,186.3721642772338,140.68652257726825,127.33043111922483,196.17184384550836,190.6644649222076,190.43935579728554
1104,186.37384943381292,140.6935185303392,127.25817364772568,196.28724296942963,190.61946773212622,190.36217926511006
1105,186.34229104696735,140.68779921104033,127.35666594324086,195.9210605325758,190.74591407037883,190.3426407076376
1106,186.2746549897231,140.67066678581915,127.30860068172244,195.8684034273309,190.7910729270114,190.30028407122566
1107,186.2162489946509,140.6150055533569,127.01543450230433,195.6932800603555,190.7346359038315,190.0356205301123
1108,186.0507461924398,140.65571740434822,127.18757580013022,195.50271368853785,190.81948004957775,190.10093381679332
1109,186.09314320001022,140.64725332243938,127.0531717966067,195.93039100210166,190.74769240244194,190.2616919559343
1110,186.14968530977518,140.65551314294467,127.2391262718464,196.04826901314118,190.73544423658745,190.14853306850813
1111,185.98262501436213,140.5852727528054,127.18425655232284,196.03403465822922,190.7501712895602,190.20135953871144
1112,186.01792393815987,140.71243824284127,127.07440221623622,195.99248635457323,190.75038684496178,190.19909620699477
1113,185.51937291749115,140.08429612796976,126.57817466903269,194.96096907549827,189.76957897411026,189.20266056952818
1114,185.43011068414805,139.95054320767002,126.27439966296869,195.0307705335766,189.7222260714258,189.04188703357275
1115,185.21886609388363,139.90700999604243,126.4929338320716,195.0411556848888,189.68284871860013,189.2486431557311
1116,185.277859340491,139.90554186720456,126.28671917886916,195.12873276519088,189.64603493537186,189.1730063049955
1117,185.24562433774622,139.9832122658973,126.10985433608661,194.87181382172028,189.67410332802143,189.17992717306788
1118,185.28572340452695,140.02567310515633,126.40240773129412,194.77271992424767,189.72327305480496,189.36513545347466
1119,185.42611482044146,140.0015447268642,126.23542403390739,194.8919451565471,189.63826724250754,188.88142913231252
1120,185.40436098096538,140.01752818169052,126.20829556625091,194.89893531028432,189.62546479133468,188.8767331039208
1121,185.46164353831816,140.10239879485772,125.87640908452592,194.79181967250975,189.61554154445446,188.77111865555017
1122,185.963296779053,140.74319235041042,126.422067891384,195.808378946396,190.50922654102865,189.71484329892147
1123,186.15365564080633,140.9301808990055,126.724425833961,196.1183553122859,190.57965926849735,189.8511666936111
1124,186.19048652513052,141.05608252160704,127.05633784836144,196.00425721918134,190.63112312062634,189.96629637328036
1125,186.34927423370058,141.04260126897398,127.01465575570336,195.76641492875123,190.7262908304272,189.8851705582115
1126,186.42739145421353,140.9477601460469,127.15700042128914,195.79050324487864,190.72517456138326,189.9539173345035
1127,186.25131812436967,140.96664155953582,127.25392245726468,195.7205324218419,190.7278997975319,190.04749917242123
1128,186.2203214563838,140.8027600822152,127.3499636159375,195.68588958944395,190.7499249405298,189.9396444875555
1129,186.04857591502724,140.80800704701844,127.44591541024626,195.88420055890435,190.77790865070017,190.0222483968067
1130,186.12036103203073,140.78704472048105,127.30637933895903,195.8613054958929,190.74528280098846,189.94658845084953
1131,186.02248152072616,140.75553739898635,127.3576106522322,195.54050516948044,190.88403889235317,190.20580151966558
1132,185.94915167685846,140.80782831829032,127.34456345508164,195.5941168772181,190.83642424382396,189.9880366752119
1133,185.98759111973547,140.85454034801037,127.11807585757873,195.31188557087538,190.90137570536655,189.9540328106115
1134,186.12496967994792,140.86577472520457,127.21172971109777,195.4400178603047,190.87293778917143,190.01951546225087
1135,186.46206482746294,140.86444702608162,126.91588260075832,195.6765360246965,190.79745490657982,189.9604994726591
1136,186.4120846152864,140.83822496840332,126.97126297379072,195.63737422727237,190.82804067838364,189.99612770117864
1137,186.40169281638177,140.84326767180298,126.96456064648734,195.63325557942062,190.78024896648884,190.11607658375482
1138,186.48801879204913,140.85644253233076,126.80821130842196,195.69937719885755,190.7891252299899,190.07894716583138
1139,186.33371206801905,140.900448098454,127.08526636963654,195.25763489534015,190.85540851597804,189.85979660808178
1140,186.17212853148817,140.93291289527772,126.97469711863758,195.2088038984734,190.90027483313702,190.00383380678537
1141,185.97942066359423,140.89097547586525,127.25771405956773,195.5750325257704,190.80582307520575,189.49917242122604
1142,185.9962466967101,141.0208474294979,127.11409276020989,195.51671709123383,190.8628836693688,189.72759186124392
1143,186.12879958126413,141.00333201414512,127.37807509159848,195.54494715043458,190.8802358791966,190.11412888673334
1144,186.1792266152609,141.08577702314537,127.60637550905771,195.50225948251307,190.86938112504524,190.18441534446524
1145,186.29228530211537,141.11134799759992,127.73827731038797,195.9075036374974,190.76221929682748,190.29189280737816
1146,186.33161838863285,141.1789329894933,127.69812717825637,195.8736691378554,190.74034042356635,190.26263116161266
1147,186.28832773742195,141.1554301617495,128.0585208921117,195.8441380478379,190.7158517902646,190.22824237665228
1148,185.620073789432,140.47891639325428,127.10590953773091,194.88811904816893,189.75070247965695,189.31279398292494
1149,185.50784491452936,140.25777789125632,126.84843803857987,194.89865046921793,189.64794414035737,189.2399131619668
1150,185.44527709336023,140.13079112994856,126.8965033000983,194.97485700208628,189.59986758739618,189.20269906156418
1151,185.4225019468665,140.11761626942078,126.5135387011528,195.1884262146162,189.52448478409818,189.05030139264187
1152,185.3923350908325,139.96850544484303,126.52832212023337,195.15867187078993,189.5584501566626,188.87469302601292
1153,185.8565446630325,140.52537309621988,126.89234147400136,196.11773174130272,190.44966396452574,190.14911814745528
1154,186.11358210670105,140.6250526611431,127.05613358695791,196.21663317859534,190.5494738138679,190.06751503114006
1155,186.09337299408918,140.74388173264737,127.2004570348904,196.30176216540798,190.5396583446885,190.2431541913978
1156,186.11393956415722,140.77461030754108,127.11141182928853,196.22193738115584,190.51761010646896,190.1678406737646
1157,186.28240415671956,140.7816445596252,127.17644355363777,196.36314156601,190.5136993156116,190.06361963709708
1158,186.25364159783484,140.75069895699022,127.43875349478495,196.36686759509456,190.54573238796894,190.1937612108055
1159,186.70712744634946,141.33367376900588,127.94753035196793,197.17716344488326,191.48600044650763,190.8787115945711
1160,186.85874047312046,141.49117207746613,128.33080134301872,197.20254509342018,191.57454752611685,191.21162921391564
1161,186.9514623839859,141.6912205895495,128.1735711276506,197.2605140996328,191.6817170527418,191.44579936411156
1162,186.94422387049826,141.74209444536646,128.32015421735966,197.1800888396191,191.72983209773898,191.44954848841775
1163,186.899899145932,141.8405612082062,128.17983939947146,197.0219866509619,191.74360454821897,191.10011778563015
1164,186.95840727170597,141.89285212751017,128.16056222951323,197.09037930052273,191.76292755028985,190.9948882576195
1165,186.79720672530672,141.86974505623573,128.21714263829136,196.91823521713357,191.79029538788424,191.07403558203808
1166,186.79570029745568,141.87365155557825,128.4011566301975,196.88814984179774,191.79879442943255,191.2277958690347
1167,186.29773652832213,141.30594528347652,127.63372100445545,195.95763566518087,190.95141535216365,190.3735113205078
1168,186.1092287855383,141.24041567195619,127.54947594183656,195.955441619129,190.8405274948613,190.34673626026776
1169,186.12802083466315,141.21970867217323,127.4008502380922,196.05865416445337,190.7570151735606,190.0876078739309
1170,186.3000600017873,141.22739400748108,127.3779091292081,196.21265310207318,190.6934186316851,189.99848341378168
1171,186.23861561833758,141.16748158455783,127.36399382109255,195.8335681347529,190.76945579959505,190.2824160681155
1172,186.27220385288072,141.1367913086773,127.5363010813088,195.78297420263746,190.82837940830044,190.15954179080347
1173,186.41283782921192,141.05817620099322,127.49530837088764,195.95507979399062,190.73288066699,190.11067230190073
1174,186.39044567284984,141.02841786776628,127.32837573885179,195.93872067869157,190.72225686505462,190.08475946326706
1175,186.41998697833552,140.93847901852396,127.33712068019048,196.07913192760418,190.61357075221136,190.19264494176156
1176,186.36247462690378,140.9021204886954,127.27642951066628,196.09634556610237,190.5788663325558,190.2002817617035
1177,186.30257497031826,140.93127880404947,127.06043584276978,195.83691694188474,190.73377368222515,190.2463105383496
1178,186.30196218610766,140.88696684582095,127.18000536186184,195.86692533314857,190.7462220066668,190.20447739362726
1179,186.10021575110747,140.8952011336508,127.13405931240506,195.4452450787932,190.8188256849658,190.38297266295604
1180,186.47668228415316,141.25078193818538,127.90012894001097,196.25361632678198,191.69665966111612,191.28807439740717
1181,186.64984488899668,141.43442570629765,128.04826952292197,196.30418716367583,191.84173614479164,191.6213384450757
1182,186.65301094075141,141.4595115599188,128.1565408331312,196.35897672771503,191.86901160149964,191.6454498564247
1183,186.6359040482057,141.52639440323753,128.1245356244654,196.5807370455053,191.85744089547873,191.6013687768001
1184,186.67467541586345,141.5163217627759,128.05906984463368,196.47851759470964,191.85572415067324,191.70455822690286
1185,186.75509057716613,141.438842859149,128.1984910188814,196.56588681801736,191.8444228889043,191.6730948366783
1186,186.8387611545876,141.40641636133842,128.29390662700592,196.62790518641694,191.84004249520774,191.92563338645235
1187,186.77541458681748,141.40222900256603,128.11321188290714,196.9982986520089,191.7310407476693,191.33168587419263
1188,186.71192758933245,141.3703769899529,128.04722268322885,197.0084759463267,191.68234062372494,191.1554077461373
1189,186.60140940368436,141.4620392947875,127.90113748069092,196.98046144252754,191.688014349831,191.03853822644095
1190,186.58380462396752,141.509096015626,127.75915027256131,196.89681054989722,191.70157894331663,191.0636658275403
1191,186.6476235462333,141.51302804764399,127.97599928508508,196.85251391487103,191.7483313702395,191.27303940814645
1192,186.63562318877584,141.55513142944685,127.99213593596404,196.83340646820173,191.7737977012556,191.3386760279298
1193,186.7432178830859,141.62991663581468,128.11448851667922,196.76047175839318,191.77847833283295,191.4758770410402
1194,186.98197393113838,141.71509364108718,128.23958586000435,196.87256056721864,191.72337313409855,191.67612031070772
1195,187.18364376811223,141.79921104032886,128.41602941364212,196.9299752881129,191.70139418154383,191.63250113551507
1196,187.32551607920237,141.85431055393138,128.43394058546426,196.93096068423444,191.73412011054913,191.5699361802043
1197,187.40618656725945,141.7479158953671,128.85257433200138,197.027275456708,191.65655095960645,191.65657405482807
1198,187.37841978271692,141.77607843637895,128.67984578264034,196.92048315203584,191.68531220890398,191.328575717684
1199,187.4414344257063,141.812002910725,128.39878209138143,196.59116838726067,191.69253331485714,190.88053611707738
1200,187.65652168362462,141.71660006893822,128.31649027843383,196.8510435190959,191.6764128501813,190.9727168448848
1201,187.5410373926032,141.59814122122788,128.154127995302,196.98616596226242,191.65677421341525,191.01073157963617
1202,187.57202129425133,141.70131876268655,128.1065861536301,196.9981600806793,191.68294109948653,190.90665681270545
1203,187.57943853646705,141.7729634499751,127.99300404692906,197.08133367206324,191.63895240074828,190.61941384327582
1204,187.7623418569915,141.68868008834306,128.33352057295323,197.1711817824892,191.6144945610753,190.73955518603202
1205,187.83590149493816,141.8094113441677,127.82959492410413,197.00304856925104,191.67245586888072,190.58504815353703
1206,187.82978641916992,141.81501576642708,127.92124446260101,196.8510589159103,191.70702171720671,190.74244208873185
1207,187.49812973152393,141.92485733617596,128.10930538356462,196.58147609259643,191.83843352810302,190.81447608489805
1208,187.45736681518173,141.9039077759763,128.2492499776589,196.57188387722582,191.78508356621015,190.8546694688869
1209,187.57046380104939,141.9390535037214,128.17945640933985,196.5769725243847,191.83986543184216,191.04678322055167
1210,187.61454596519897,141.9901316209419,128.06592536798968,196.60899019992763,191.81921060532576,190.98398731302493
1211,187.60682233087795,142.03315417906066,128.21816394530902,196.7705104813814,191.798001493491,190.96557272300362
1212,187.54080759852422,142.02162617609886,128.25902899235297,196.75612985673266,191.77151127431733,190.8729531859858
1213,187.54540348010366,142.0040086300443,128.58319183975692,197.08428986042787,191.78326674211107,191.28205424297713
1214,187.54743332780126,142.02452413476146,128.4172549820633,197.0735428839773,191.7071756853507,191.13127323956672
1215,187.59249849995533,142.1250845769874,128.39391811670987,196.8439686828795,191.81093481758623,191.201960014473
1216,187.6384445494121,142.16229845144323,128.2655781236037,196.84095090725728,191.77201936919252,191.1523899705151
1217,187.49912550586612,142.2527734868698,128.3247373326014,196.67903030862914,191.77002548172783,190.97677390547895
1218,187.42734038886266,142.27691463149966,128.31651581110927,196.64163144645372,191.80840974002479,190.99726706544416
1219,187.5522207044465,142.25813534871253,128.4340937815169,196.84141281168925,191.74467462681972,191.03041640684543
1220,187.55478673832837,142.18277565714723,128.65426204184806,196.8633609706152,191.75713834807578,190.96813629260106
1221,187.5686254484176,142.0671126373977,128.75585655742938,196.95685812605373,191.7278228134599,190.84785637851527
1222,187.5793619384407,142.00848961458428,128.7276174183912,196.97074605264172,191.73197995334766,190.8457316181282
1223,187.49533390356308,141.95414331490724,128.3404016289847,196.89306912399823,191.76776984841837,190.79220459286972
1224,187.3418186924717,141.93847901852396,128.2817403071581,196.842367414182,191.78964102327228,190.90326181513046
1225,187.40513972756636,141.8482210108386,128.15638763707855,197.00118555470874,191.71000100079294,190.71338829996074
1226,187.34950402777955,141.82271386807267,128.10147961854182,197.01504268766791,191.71793036020847,190.82225147616958
1227,187.54964190422695,141.7620482312239,128.1162630376224,197.26234632054627,191.6558504045513,190.75613755513984
1228,187.61009051333443,141.7019698459103,128.1295910942028,197.5412057245356,191.47073450503092,190.75766183976535
1229,187.59595817747763,141.72065976433342,128.0774150719383,197.45762411757008,191.51837224878173,190.89256872753026
1230,187.493738111348,141.79789610754364,128.0130216644751,197.33518095106123,191.59049862583433,190.890436268736
1231,187.59339214359576,141.70311881630516,128.05583996119034,197.30755906602923,191.59372425845092,190.91981339060948
1232,187.5491184843804,141.77371666390061,128.03358823454315,197.2481735528919,191.6064420271446,190.9932177032572
1233,187.72050656828077,141.77831254548008,128.06512108871328,197.0510250429186,191.63922184500026,190.91537140965534
1234,187.62913788921372,141.86174056248484,128.129169805058,197.05199504222577,191.7346743958675,190.95959875901676
1235,187.6122352580715,141.85454034801037,128.32249045716256,196.72292662648098,191.79379046475285,191.3495076868596
1236,187.50130854961637,141.86046392871276,128.5596762456754,196.78364396406383,191.8201883030401,191.4436284132813
1237,187.64259360917134,141.91036754286299,128.54679501091522,197.04900036182514,191.79496832105437,191.16729408685342
1238,187.63890413757005,141.95517738826263,128.49297213108477,196.890474760772,191.73980153506238,191.24427815884894
1239,187.67591375062236,142.04086504704395,128.3558233649513,196.84042741556772,191.77683857209942,191.02838402734474
1240,187.58976650368308,142.14755333137583,128.32081806692113,196.8445152697907,191.8257465530382,191.03177132651254
1241,187.7701931546897,142.1039179890465,128.4897294813037,197.1040439733019,191.78799356413157,191.07637589782675
1242,187.8075091598473,142.1593877264429,128.4990489078398,197.03358045220443,191.7739362725852,191.04841528287798
1243,187.7688909882422,142.12248024409237,128.84786355338244,197.01679022610222,191.82738631377168,191.34157832744404
1244,187.69699097419922,142.09195593060218,128.59534539326702,196.8801819903462,191.8390955911222,191.30504168687497
1245,187.63963181882013,142.0265795151345,128.52367517330305,196.77822428539534,191.86222160634964,191.40831581945696
1246,187.6237632610333,141.95741149736375,128.42125084576986,196.6607619883446,191.818448463013,191.29815161243138
1247,187.72148957628525,141.8527019953786,128.43553637767934,196.69264879096514,191.8166778293571,191.1676713088062
1248,187.11764180209624,141.1519194188763,127.69649308702813,195.8188256849658,190.9398523445499,190.3220089763428
1249,186.8301311102884,140.9960552016443,127.34559752843701,195.55523992086037,190.8151535447316,190.1899043087985
1250,186.886507257663,140.9369470579975,127.1309443260012,195.7382156631793,190.7757146046483,189.8784190550975
1251,186.77227406773818,140.9087717506479,126.89274999680842,195.41632216294448,190.79513768601277,189.91710355127523
1252,186.76979739822036,140.93817262641866,126.90503121369572,195.34265610445198,190.81114267458062,189.92170719878058
1253,186.87056210184986,140.89186911950569,126.78447868659917,195.49602377268144,190.7618497732819,190.09091049061948
1254,186.93688322630888,140.92324877762317,127.04326511853544,195.4316419932716,190.83662440241113,190.28200805253394
1255,187.01188546041797,140.92465307477244,127.19297596098608,195.87353056652577,190.73341955549398,190.24701879181197
1256,187.1368551403659,140.8851667922023,127.19980595166665,195.90855062087655,190.73531336366506,190.29206987074375
1257,187.15712808466634,140.92775529483856,127.12131850735979,195.7758685727923,190.72017059670355,190.1508964795184
1258,187.20972539607564,140.94767078168286,127.13154434387407,195.71126353957365,190.79169649799456,190.0494699646643
1259,186.9502878809156,141.0057959173252,127.17108169179508,195.78291261537987,190.72866963825186,190.04149441480558
1260,186.8580255582081,141.11067138170074,127.19722715144707,195.79218919605535,190.75956334634364,190.10892476346643
1261,186.98565063640194,141.13759558795368,127.06678071261697,195.8814907195701,190.79044935602823,189.87224493252347
1262,187.06930844748567,141.18174158379185,127.3888243479593,195.8971030893708,190.76336635950022,190.0136338791504
1263,187.34283999948934,141.2122403646066,127.07170851897716,196.17778701586641,190.6218311431365,190.1077623039793
1264,187.36230866451342,141.24847123105795,127.35620635508292,196.13637728354004,190.62189273039408,190.1730678922531
1265,187.505163983608,141.26754413961268,127.31175396713945,196.27067599713618,190.63398692810458,190.10225024442443
1266,187.37189618414166,141.298655704638,127.48614214040418,196.27089925094498,190.5705982432235,190.18115121981262
1267,187.31013264224893,141.3027792317218,127.50368308843242,196.18958097569612,190.6658429370963,190.36558965949945
1268,187.231785627657,141.2652206661475,127.55652296025839,196.14082696290137,190.620191382403,190.28173090987474
1269,187.18622256833183,141.263050388735,127.56189758843881,195.9847648521521,190.729370193307,190.42332001508888
1270,187.14380002808593,141.2383858242586,127.55970177835084,195.95256241483636,190.72816154337667,190.274217264448
1271,187.1992952981578,141.0909729225977,127.70710191367402,195.73007844676937,190.76338175631463,190.29169264879096
1272,187.1503746920121,141.02489435855537,127.40918665662382,195.75820842667653,190.74245748554625,190.29911391333133
1273,186.8948947415455,141.0212176532918,127.54799504666096,195.9329699685135,190.66873753820335,190.28340916264426
1274,186.91580600273198,140.9913061240122,127.62202703910329,196.04266457269992,190.63900628959868,190.57438585956567
1275,186.9452324111782,140.97677803168605,127.64729162145255,196.3204538980885,190.63263970684466,190.17712495284727
1276,186.8774942232322,140.98104198848478,127.67507117233279,196.17941907819272,190.66172428924455,190.2274648375251
1277,187.63340184601245,141.50456396573514,127.84864229998341,197.24791180704713,191.38964718199804,190.93241568319516
1278,187.6781095607103,141.66953058176202,128.15120450396395,197.14870243346653,191.48369862275496,191.01122427769695
1279,187.71502980939857,141.7634525283732,128.09476452490074,196.98327905956256,191.640676843961,190.94092242315065
1280,187.7294174720098,141.87668994395577,128.15794513028047,196.9417692479426,191.70591314656997,190.98364858310816
1281,187.7759124739886,141.9151421531705,128.12309302830297,196.93039100210166,191.7396244716968,190.96109994842067
1282,187.27316132820977,141.29953658194074,127.61538854348854,196.1609352025066,190.821997428732,190.12997220875002
1283,187.3019749524454,141.1320677637206,127.50769171847672,196.492805838472,190.53720255279183,190.1198872953186
1284,187.302357942577,141.1093564489155,127.56848501870269,196.43610706944733,190.58766561198487,190.06278820911953
1285,187.23416016647303,141.10839897358645,127.48185265093002,196.1486793382449,190.64785945787816,189.99017683241337
1286,187.17055827194852,141.13321673411548,127.37707931725626,195.9608997898335,190.7413951053527,189.86103605164092
1287,187.15377053784582,141.1825075640551,127.27802530288136,196.17001162459488,190.61370162513376,189.86681755544777
1288,187.17155404629074,141.26939525858216,127.31162630376224,196.30545740086376,190.53455430071517,189.7362910613794
1289,187.03339673947735,141.30800066384955,127.49687863042729,196.0907796176971,190.60865147001084,189.87768770641355
1290,187.05244411535662,141.2871277016762,127.75975029043418,196.04294941376628,190.6556579443713,189.91108339684519
1291,186.89821398935288,141.20598485912348,127.79429600030639,195.99378738538996,190.69926942115677,190.07592169180197
1292,186.91607409582414,141.2954513538701,127.6194482388837,196.07619883446114,190.65281723211467,190.04498949167416
1293,186.89070738277312,141.21909588796262,127.77833807815551,196.07255748785576,190.64241668398807,190.34824514807886
1294,186.871698305907,141.1572685143813,127.73232819701012,196.06266503460435,190.719185200582,190.4381702425768
1295,186.96550535547868,141.0119109930934,127.8198414420855,195.97701255610215,190.6922099817548,190.30398700508866
1296,186.99471473618362,140.95118152455606,127.5831790734192,196.02598982270567,190.67538126361657,190.28527217718653
1297,187.03563084857848,140.83273544318342,127.66335167430519,196.2071564393327,190.5751710971,190.24326966750579
1298,187.00219581008795,140.81882013506785,127.54416514534475,196.0978390570991,190.62096892153014,190.2755490888935
1299,186.99495729660032,140.81315188111986,127.44276212482924,196.15697052279884,190.63437184846455,190.19450025789664
1300,186.84474856697858,140.86009370491888,127.32006485299561,196.0629498756707,190.64074612962577,190.0757600252508
1301,186.8522168745452,140.80956454022035,127.61209482835659,196.22362333233255,190.68136292601062,190.25352394589558
1302,186.90528654045013,140.82561182673527,127.54641202078359,196.34488094413265,190.5939321154453,190.2158017506178
1303,186.7132552884554,140.85531909461133,127.62768252671356,196.33462666574286,190.5908373557511,190.29353256811166
1304,186.67781593494274,140.83587596226272,127.51997293536404,196.42060247734744,190.51610121865787,190.3103150958067
1305,186.7941172715783,140.8371142970216,127.48434208678556,196.1385944248135,190.59664965318674,190.5188341532137
1306,186.8977927002081,140.78034239317768,127.52589651606644,196.20088993587225,190.56784991185324,190.41423589459342
1307,186.86371934483154,140.7785168068836,127.56530620061024,196.0732965349469,190.61059916703235,190.35299506532098
1308,186.8755920389118,140.83627171873204,127.53676066946674,196.17714804806886,190.62194661924448,190.32551945002578
1309,186.83698663364441,140.88437527926365,127.48619320575507,196.2189273039408,190.61779717776392,190.35944633055422
1310,186.92513819560583,140.88207733847392,127.37755167175193,196.33341801581253,190.5530766684373,190.17056590991325
1311,186.85792342750636,140.9671905120578,127.34142293600235,196.09626858203038,190.67489626396298,190.1200335650554
1312,186.79174273276226,141.04067355197813,127.43949394237275,196.10561444837063,190.62685820303778,190.03820719493137
1313,186.7718400122557,141.13875732468628,127.41495704127357,195.8814137354981,190.7483621638683,190.00321023580221
1314,186.84015268539915,141.16025583740793,127.59022609184103,195.94160758139142,190.73857748831767,190.27885170558213
1315,186.8594298553574,141.23384100803003,127.2774891166971,195.736121696421,190.71970099386436,190.02990061356306
1316,187.00896196907993,141.22348750813853,127.2785997880788,195.73569828402503,190.74566772134844,189.98789810388232
1317,187.08095134748694,141.11276506108692,127.51241526343338,196.1026736568204,190.68950014242054,190.13559974441287
1318,186.9926593558106,141.0499036141502,127.41009306660199,195.94610345119594,190.74242669191744,190.04244131889112
1319,186.85664679373428,141.052061125225,127.53474358810688,195.61547225878965,190.76449032695135,190.3683302924625
1320,186.84200380436863,141.0250347882703,127.53169243339163,195.71268004649838,190.73035558942854,190.4040893939044
1321,186.71102117935428,140.85547229066398,127.47245662636759,195.87468532760573,190.74761541836995,190.57753450811026
1322,186.71857885128495,140.98411867587546,127.38041133140136,195.85357629506456,190.74953232176262,190.2978051841074
1323,186.8994523241118,140.9802632418838,127.32097126297379,195.87241429748184,190.74927057591785,190.25049847186617
1324,186.88177094636862,140.97716102181766,127.37973471550217,195.77629968359545,190.7760918266011,190.17047352902685
1325,187.02101339188826,140.9617009868379,127.23765814300852,196.1492413219705,190.64434128578796,190.24386244486016
1326,186.95654338639875,140.96853097751847,127.15017043060857,196.1042903223323,190.70186378438302,190.14144283547733
1327,186.957079572583,141.05377181447957,127.12779104058419,196.17597789017452,190.66672825392428,190.09209604532822
1328,186.91251228760007,141.11042882128405,127.09620712106319,196.1196948351386,190.69068569712925,189.97842906302685
1329,186.93379377258046,141.13593596405,127.23035579783227,196.30855216055798,190.63257042117985,189.92521767246356
1330,186.96833948245268,141.141923376441,127.24729672798765,196.40459748877956,190.55708753858826,189.84884947304403
1331,187.05466545812004,141.13067623290905,127.41992314664692,196.24764236279515,190.67186309152638,190.17379924093706
1332,186.95783278650853,141.1610345840089,127.3995608379824,196.25949790988244,190.5719531628906,190.08532144699262
1333,186.7276940164175,141.22739400748108,127.48657619588668,195.9775052541629,190.64957620268368,190.12781665473415
1334,186.76665687914107,141.18891626559088,127.8058367696059,195.99886063573447,190.63575756176047,190.17086614779402
1335,186.91152927959556,141.28882562459307,127.78703195414332,195.8610437500481,190.67324110641508,190.0852752565494
1336,186.95881579451301,141.37627503797987,127.82527990195453,195.78270475838548,190.79660808178787,190.08305811527595
1337,187.04704395450077,141.47285238283695,127.52473477933385,196.06415082719386,190.7004395790511,189.8427446361348
1338,187.0849344448558,141.48113773601767,127.50073406441894,196.30023018237526,190.59826631869865,189.82139695297042
1339,187.46538407527032,142.00990667807127,127.91754222466201,197.30781311346684,191.4143051802582,190.60363210851673
1340,187.62069933998035,142.08433442698293,128.24792227853595,197.30624263839812,191.56275356628714,190.61685027367838
1341,187.71762137595587,142.0745681786266,128.35546590749513,196.9485900367214,191.69794529511844,190.7879011832452
1342,187.75786087245152,142.04547369496112,128.18728217436265,197.05428146916404,191.7175685350701,190.92171489718777
1343,187.72796210950963,142.01779627478265,128.13202946470747,196.67311023349268,191.7620037414259,190.7480465291731
1344,187.63594234721884,141.95485822981962,128.28234032503096,196.70528957558682,191.8062387891945,190.78731610429801
1345,187.52986684709757,141.97919086951526,128.16409850506184,197.02934632824469,191.7208634533515,190.82214369846878
1346,187.55607613843816,141.98228032324366,128.11045435395948,196.95081487640206,191.72017829511074,190.78571483560052
1347,187.75052022826213,141.94663670832747,128.27073572404285,196.72116369123228,191.76459040624493,191.23547887941984
1348,187.73674534986148,141.8965543654492,128.409863272523,196.79021070540506,191.7413104228735,191.2690054427739
1349,187.7328005515058,141.91967420306136,128.54313107198936,197.1060455591738,191.7139271884647,191.20470064743606
1350,187.66295591783586,141.89591604856315,128.77305281433914,197.10325103736037,191.69458878957943,191.12221221429286
1351,187.71667666696456,141.8293395973497,128.68972692803615,197.17527733511938,191.6453805707599,191.0221791111419
1352,187.69603349887018,141.89352874340938,128.4788270288902,197.03310315095806,191.62903685227528,191.05412750102005
1353,187.5544292808722,141.9657223832199,128.77213363802326,197.05502051625518,191.68766792150703,191.05244154984334
1354,187.47037571331913,142.02366879013417,128.68177349963617,197.0961069154792,191.68965411056453,190.97678160388617
1355,187.65924091355913,142.0346606069117,128.48592511266293,196.9877210405167,191.72538241837765,190.8340454359993
1356,187.61257994918998,142.11498640385034,128.65861536301082,196.90352356097523,191.7894023726491,190.84860312401364
1357,187.6496533939309,142.1512300366394,128.36574280936028,196.90158356236094,191.6968906133321,190.55714142743867
1358,187.50187026847607,142.2364836399382,128.37936449170826,196.92149164337897,191.6695227757377,190.53838810750057
1359,187.77349963615939,142.25198197393115,128.36755562931663,196.63407930899098,191.75243462127685,190.84322193738114
1360,187.87642185086364,142.2520713382952,128.38381994357277,196.63280137339584,191.79152713303617,190.9109679207372
1361,187.91312507181064,142.287229832378,128.26499087206852,197.05496662740478,191.65532691286174,190.75934779094206
1362,187.3863476784415,141.75009893911732,127.76772925150962,196.16840265749016,190.77882476115693,189.94200789856578
1363,187.134838059006,141.59221764052546,127.29824718183094,195.96840573685304,190.67739054789564,189.77977166524246
1364,187.0829684288468,141.40716957526394,127.08418123093028,195.85093574139512,190.6403997013018,189.69990838895433
1365,186.9959913699557,141.3101837075998,127.17958407271706,195.83540035566642,190.7261907511336,189.74916279821704
1366,186.96831394977724,141.20722319388238,127.23829645989456,195.70184838756862,190.70242576810858,189.7396013764752
1367,187.03154562050784,141.12480371755754,127.12268450549591,195.83417630892168,190.6764975326605,189.73656820403858
1368,186.96653942883404,141.08584085483398,127.12828892775529,195.79770895401742,190.72873122550945,189.78076475977122
1369,186.8530211538216,141.10144131952867,127.20936793861945,195.85735621299952,190.7326420163668,189.8542922469341
1370,186.88912435689573,141.03612873574957,127.20223155583358,195.92866655888898,190.7084382241314,189.7674619121304
1371,187.0073406441894,141.03487763465296,127.24900741724221,196.04091703426562,190.76643802397285,189.8564401025428
1372,187.07244896656496,140.97252684122506,127.33687811977379,195.89299213992624,190.7547826354727,189.955711063381
1373,187.07367453498614,140.95055597400773,127.3762367389667,196.14945687737207,190.65215516909552,189.97379462189272
1374,187.14558731536684,140.9910507972578,127.30500057448519,196.31655080563831,190.64961469471967,190.00036952354557
1375,187.0906026988038,140.96269676118013,127.42501691539748,196.28969106291908,190.62411757007476,190.19727168448847
1376,187.03870753596917,141.00880877302728,127.43355759533263,196.23313856363117,190.58215355243001,190.23004380393698
1377,186.9159847314601,141.06828714046802,127.49315085981284,196.22556333094684,190.63572676813166,190.7725736545109
1378,186.76354189273724,141.11261186503427,127.53128391058458,196.0429032233231,190.6576826254648,190.58766561198487
1379,186.82993961522257,141.1366891779755,127.39490112471435,195.73570598243222,190.68578181174314,190.04671393488687
1380,186.82381177311666,141.22255556548492,127.32293727898278,195.8800049269806,190.6847733204,190.08168010038722
1381,186.80043660875006,141.12265897282046,127.51282378624045,195.8166085436923,190.7549673972455,190.27357059824323
1382,186.85335307860234,141.12661653751388,127.69330150259795,195.8044527587242,190.69090895093805,190.07771542067945
1383,186.89294149187424,141.2509734332512,127.40335244028546,195.9041163383296,190.73406622169873,190.30092303902322
1384,186.99840420778492,141.2809487942194,127.41408893030857,195.96333248650853,190.67531197795176,190.16661662701986
1385,187.00397033103113,141.3305332499266,127.57001697922917,195.9094744297405,190.58687267604333,190.08670716028854
1386,187.07204044375788,141.24391364849166,127.65150451290039,195.93790464752843,190.63974533668983,190.20145961800503
1387,186.98231862225683,141.28585106790416,127.61517151574728,195.98718985041995,190.66817555447778,190.12194277004087
1388,186.9811824181997,141.2293344908146,127.59846037967088,195.9318383026552,190.65637389624086,190.19316073504393
1389,186.9406109969233,141.11664602775403,127.6459639223296,196.14272846947966,190.60380917188235,190.04327274686867
1390,186.9613179967063,141.06620622741954,127.42565523228352,196.15265171635988,190.59163029169264,190.0155738777647
1391,186.96193078091687,140.96338614341704,127.63798496125416,196.25107585240613,190.54912738554393,190.28360162282425
1392,187.00748107390433,140.9200699595307,127.6681645836259,196.30372525924386,190.54822667190157,190.2153706398146
1393,186.95229219593776,140.8929287255365,127.45481354763758,196.2829472582123,190.57514030347122,190.0663910636889
1394,186.94021524045397,140.95276455043341,127.42915320881899,196.1079624625665,190.68394189242247,189.9689908158002
1395,187.08341525066703,140.9101249824463,127.26913993182775,196.0955449317536,190.61440218018893,189.9227541821597
1396,187.11044158762175,140.8507998110582,127.32606503172435,196.2004742218835,190.59350870304934,189.9982678583801
1397,187.07040635252966,140.93297672696633,127.31254548007813,196.11057992101433,190.6214539211837,190.27872853106692
1398,187.0553931393701,140.9743524275191,127.40410565421098,196.2191197641208,190.63624256141404,190.16851043519097
1399,187.08298119518454,140.97695676041414,127.30747724400301,196.01160919805693,190.64795953717177,190.25749632401056
1400,187.09775184792738,140.92624886698752,127.39422450881516,195.9432550405321,190.7209635326451,190.25601822982824
