frame,face_r_mean,face_g_mean,face_b_mean,ref_r_mean,ref_g_mean,ref_b_mean
0,135.89268683799637,89.11370637633456,75.40247710680677,195.26546235354525,190.57655790505532,187.43236708210802
1,136.12136557370133,89.32301557159134,75.61655483816517,195.29068757877047,190.57371049806284,187.4208094104467
2,136.11528885512934,89.32288897328776,75.59564501835675,195.3045325117864,190.6138075899734,187.44201092283993
3,136.06524032577963,89.26893699624425,75.51789256023969,195.2987350044345,190.59688185594922,187.40815011903095
4,136.11549985230198,89.30105076591974,75.54158754272693,195.29148111842412,190.58827428464735,187.4652382952901
5,136.09524412372875,89.28706165337384,75.53814828881293,195.28154786911264,190.5957055501097,187.4868225738692
6,136.03711440266702,89.23559944296747,75.51398911254589,195.2956448676656,190.5951640759931,187.45321383559727
7,135.9673165379584,89.18417943199562,75.51059205806642,195.28491807870046,190.60163375811044,187.49232133688093
8,135.89378402329407,89.12339114655863,75.40657045195594,195.29654110068617,190.6148625309247,187.471213182094
9,135.88831919652276,89.14506055618855,75.36416002025572,195.26404331792932,190.5776968678523,187.40378098305558
10,135.8989534540237,89.1658859771279,75.38471114487066,195.27758950660504,190.57329972459507,187.41824207627317
11,135.9004093345149,89.19318901126725,75.40585306156898,195.29794146478085,190.55305045978622,187.40619894505906
12,136.03299995780057,89.36340043043423,75.58617124530531,195.3066330579284,190.56144330859357,187.38057228212668
13,136.11049921931047,89.44577372663207,75.67991728910833,195.3380945712552,190.58587499416515,187.3820473323064
14,136.13668396843482,89.45978393889521,75.6456724479892,195.32499649908976,190.60367828968865,187.4223311394296
15,136.14626324007259,89.43872642106595,75.64347807739377,195.31617420529338,190.60283807123184,187.43288988470334
16,136.1683335443305,89.4634130902646,75.62182976748112,195.29971525930074,190.61942771787332,187.5030948046492
17,136.2174536861206,89.52194370595434,75.67090770983668,195.32133688092236,190.61280866358587,187.47206273631144
18,136.0761699793223,89.33132886019327,75.49681394269317,195.23702562666293,190.56862250851887,187.34089529944453
19,136.27638519643835,89.53580622019665,75.65938726421066,195.25681743920086,190.53705830182514,187.35560845819913
20,136.28332700341815,89.54865594801029,75.66970502595265,195.24895672874948,190.54831722914625,187.36948139849693
21,136.23363716926193,89.54291682491454,75.60841034730134,195.235961349951,190.56527097045233,187.3774541380759
22,136.18122547157867,89.57273072540828,75.60807275182512,195.25878728469402,190.55665406338983,187.37496148998738
23,136.19550998016626,89.56682280457441,75.54380301303962,195.26642393689025,190.56068711198245,187.3306166269897
24,136.27790437608135,89.67525425159303,75.65309954846605,195.26588246277365,190.56048172524856,187.33147551696774
25,136.4207494619572,89.82596953200827,75.79704181963962,195.28125846053308,190.56606451010597,187.35237828502076
26,136.51780816137062,89.86513060724987,75.79866649786892,195.28317229146245,190.59048685991692,187.39869299351164
27,136.4082373296198,89.83383972654767,75.69418069797865,195.27245483825794,190.59381972646221,187.37296363721234
28,136.45875005274928,89.87899312149217,75.6994556272946,195.2849274144611,190.58843299257808,187.42588806423004
29,136.37637675655145,89.79761151200574,75.65890197071359,195.28705596788498,190.60365028240676,187.3868739205527
30,136.34149892391443,89.76773431236022,75.59644680761278,195.2942631750922,190.5802735377865,187.411464314055
31,136.3020002531966,89.6757395450901,75.57338481664345,195.27235214489102,190.61043738038558,187.49097698735005
32,136.17048571549142,89.55502806262396,75.46925771194665,195.27378051626755,190.62406759090698,187.5014983895813
33,136.14978689285564,89.51118285014981,75.371460522429,195.27996078980536,190.62461840078421,187.45631330812677
34,136.12444613242184,89.46516436679748,75.37745284213192,195.2840871960043,190.61503057461607,187.4616907062503
35,136.12826518124658,89.47404734776553,75.3712284255391,195.2775708350838,190.61792466041172,187.48415254632872
36,135.94341055829852,89.17215259315525,75.24861796851923,195.1567100779536,190.5655603790319,187.27111048872706
37,135.97573532514664,89.22329830780268,75.27950795459341,195.2189142510386,190.51513793586332,187.3126639592961
38,136.20004641937797,89.45499430307633,75.53272566147614,195.2584792045932,190.53499509872566,187.35570181580545
39,136.31225471578682,89.54135544583703,75.58598134784994,195.2384353265182,190.5536759557485,187.37146991551137
40,136.36002447567202,89.54705236949825,75.54709456893278,195.25684544648274,190.54424683751108,187.38437193670353
41,136.40690804743215,89.58395577499262,75.60518209055999,195.2692340008402,190.54256640059748,187.33600336087383
42,136.39108325948433,89.54460480229565,75.56614761362198,195.30230126499558,190.53496709144378,187.30944312187836
43,136.47881588386716,89.59442123475546,75.64909060218594,195.26534098865704,190.56500956915465,187.40407972739578
44,136.5293708064312,89.63727476051821,75.66341731020805,195.2914157680997,190.56106987816833,187.3613592867479
45,136.42049626535004,89.57224543191121,75.5454487909862,195.26352985109463,190.56753956028567,187.35192083274984
46,136.47944887538506,89.60902223910199,75.62204076465375,195.26784297250617,190.5789571955375,187.41885823647482
47,136.4434949571676,89.57762585981348,75.62822298181204,195.27559165383,190.57554964290716,187.427559165383
48,136.41222517618263,89.58349158121281,75.63341351225894,195.2728562759651,190.56638192596742,187.4205106661065
49,136.41456724479892,89.59446343418998,75.61617504325442,195.26905662138822,190.56762358213135,187.45282173365075
50,136.56574671899398,89.76437945731527,75.76043381018694,195.313298791019,190.58959062689632,187.42788591700509
51,136.5217960079335,89.73981938642022,75.71475292231084,195.29066890724923,190.59070158241144,187.4052000186715
52,136.706207536819,89.90513567118201,75.92572899523147,195.30490594221163,190.60319283013584,187.43702562666294
53,136.69972992361903,89.88899438747521,75.89458581255012,195.31967511553003,190.59473463100406,187.4098398917052
54,136.39118875807065,89.74431362619741,75.58252099421868,195.19443588666385,190.62453437893853,187.2814731830276
55,136.43330379372915,89.78758914630544,75.60539308773262,195.2099332493115,190.60248331232788,187.3156047238949
56,136.62718909566613,89.98191754230493,75.81928092163565,195.2226952340942,190.6081967978341,187.32570601689773
57,136.76117230029118,90.1371059627801,75.9369540448158,195.221612285861,190.61149232133687,187.3471035802642
58,136.81463898383763,90.18953876018061,75.92184664725492,195.24178686458478,190.597899453858,187.34059655510433
59,136.79712621850868,90.19156433303793,75.95516310081445,195.2325164542781,190.60314615133268,187.3188535685945
60,136.77655399417648,90.17721652529856,75.91180318183736,195.23262848340568,190.5649068757877,187.2862530924707
61,136.6645566949403,90.04215723509304,75.78064733932565,195.26940204453157,190.55957615646736,187.2933669420716
62,136.5764442756467,89.94906528252521,75.70743132042031,195.27603043457967,190.55878261681372,187.30460719787143
63,136.61512005739124,89.94573152719754,75.79718951766047,195.26627456472016,190.56608318162722,187.30746394062456
64,136.62908807021986,89.92893615225556,75.84095033126556,195.2578537086309,190.58463333800123,187.38526816972413
65,136.69031944971937,89.9257078955142,75.85306156897498,195.24601596415067,190.59415581384494,187.3866685338188
66,136.71994345275775,89.92357682407055,75.89958644554163,195.2528964197358,190.6113802922093,187.35549642907156
67,136.81288770730472,89.987762163987,75.93454867704773,195.2748447929795,190.61769126639592,187.42169630770667
68,136.7361691353336,89.91047389964974,75.86363252732413,195.2827615179947,190.62201372356813,187.4042944498903
69,136.61313668396843,89.84105582985188,75.76545554289572,195.27827101713112,190.61727115716752,187.3694067124119
70,136.64442756467062,89.74893446427818,75.76009621471073,195.28507678663118,190.60904635205154,187.40233394015777
71,136.62613410980293,89.69544668101447,75.7587669325231,195.30442981841946,190.600354758904,187.39748868039024
72,136.27955015402793,89.25697345655568,75.5361227159556,195.15245297110582,190.51686505158008,187.2393315595388
73,136.3147022829894,89.320589104106,75.57724606490272,195.17264622135087,190.5237735144471,187.3031881622555
74,136.57671857197113,89.60549858631894,75.78701945393932,195.17919992531392,190.49689585959015,187.28626242823134
75,136.7772924842807,89.78606996666245,75.926172089294,195.16831442841806,190.51635158474537,187.25603323530785
76,136.94927627969784,89.97584082373297,76.09805038612483,195.1820193250245,190.49992998179528,187.28831629557018
77,136.9944085749251,90.04458370257838,76.19637506857408,195.19295150072352,190.49013676889325,187.29581291135696
78,136.8855129341267,89.96647254926783,76.0814027092037,195.21084815385333,190.4816318909583,187.25185081454512
79,136.89072456429085,89.92802886441322,76.03620711482466,195.22438500676841,190.48513280119496,187.27834570321616
80,136.83424062117567,89.86629109169937,76.00867198379542,195.2031554870933,190.5129720393969,187.2844512906689
81,136.8435033970545,89.89110435920159,76.00282736211335,195.19732063669886,190.51740652569669,187.27413527517155
82,136.92129805460607,89.94855888931089,76.04776975988521,195.18395182747514,190.5122531858283,187.32348410586752
83,136.8941216187703,89.89920665063089,75.9966240452378,195.21389161181907,190.5003874340662,187.30583018251411
84,136.8606152677554,89.86449761573195,75.96472127273495,195.20737525089856,190.51063809923915,187.30293609671847
85,136.76760771405662,89.81976621513272,75.90534666835464,195.2263921953041,190.4994912010456,187.2995192083275
86,136.72061864371017,89.81877452842132,75.93378908722623,195.23043457965738,190.4850207720674,187.28735471222518
87,136.58387137612357,89.70477275604507,75.8223403806389,195.21442375017506,190.4955608458199,187.31040470522336
88,136.56405874161285,89.71002658564375,75.82691901928514,195.18524016244223,190.5093684357933,187.39029080894366
89,136.5562940456598,89.72028104823396,75.84211081571507,195.18896513093404,190.51014330392567,187.3819913177426
90,136.45406591551674,89.6206692830316,75.88644132168629,195.08161321943706,190.4551743453298,187.1785090790272
91,136.5781322530278,89.74939865805798,75.97653711440266,195.09509405778834,190.4415441348084,187.22750315081922
92,136.61870700932607,89.84381989281344,75.95657678187112,195.08176259160714,190.44942351678102,187.2632777855576
93,136.65786808456767,89.90021943705955,76.01502299869182,195.1021332213042,190.44761237921858,187.20196984549315
94,136.6940329999578,89.91070599653965,76.05213740135882,195.13267049432852,190.44434486299772,187.19637772487513
95,136.76520234628856,89.95754736886526,76.09942186774697,195.13420155907204,190.44472762918357,187.23429958455864
96,136.77294594252436,89.97689580959616,76.07431320420307,195.13606871119825,190.45762965037576,187.1929795080054
97,136.70810651137276,89.92450521163016,76.01498079925729,195.14098865705083,190.45917938664053,187.25918872240115
98,136.60919103684012,89.8235641642402,75.98075705785543,195.16908929655042,190.4521775661672,187.25207487280025
99,136.54622948052497,89.7488078659746,75.91889268683799,195.17144190822947,190.45406338981468,187.24047985809645
100,136.54437270540575,89.72004895134405,75.89680128286281,195.16892125285906,190.44946085982355,187.27197871446577
101,136.52000253196607,89.69932902899102,75.84327130016457,195.1520888764412,190.46101853148485,187.29260140969984
102,136.64191669831624,89.82278347470144,75.92748027176435,195.17210474723427,190.46414601129626,187.24862064136676
103,136.60262902477106,89.77233405072371,75.87690424948306,195.18546422069738,190.46419269009942,187.2912010456052
104,136.75606616871335,89.88604042705828,75.98134784993881,195.17629650375764,190.48307893385615,187.30244130140503
105,136.74490441828078,89.83255264379457,75.9574629699962,195.1915324651076,190.49490734257574,187.32299864631472
106,136.68341984217412,89.75511668143646,75.90855382537875,195.19596695140737,190.48073565793774,187.341996919199
107,136.67867240578977,89.75275351310293,75.87449888171498,195.1957055501097,190.4918918918919,187.31273864538113
108,136.65788918428493,89.50774359623581,75.84759674220365,195.2108948326565,190.57359846893524,187.2884750035009
109,136.66109634130902,89.54414060851585,75.87162932016712,195.2319749801615,190.53352004854597,187.290118097372
110,136.6731231801494,89.63413090264591,75.88409925307,195.2409186388461,190.50229192923493,187.29471129160248
111,136.63659956956576,89.61872810904335,75.89502890661265,195.2268029687719,190.51825607991412,187.27700135368528
112,136.63178883402963,89.61695573279319,75.86873865890198,195.26639592960836,190.58411053540587,187.42000653503243
113,136.61311558425118,89.61366417690003,75.86781027134236,195.27559165383,190.57501750455117,187.37242216309573
114,136.60568848377432,89.61817951639448,75.85633202515086,195.27530224525043,190.56522429164917,187.33540587219343
115,136.86705068152088,89.84561336878086,76.1605899480947,195.28029687718808,190.58104840591886,187.38076833309995
116,136.93302949740473,89.92971684179432,76.23089420601764,195.2862810997526,190.56701675769034,187.40379965457686
117,136.95436131155842,89.96691564333038,76.23165379583914,195.2840871960043,190.54855062316201,187.33961630023805
118,137.0339705447947,90.04734776553994,76.23718192176224,195.27965270970452,190.55827848573963,187.35796106987817
119,137.0236527830527,90.03998396421488,76.19310461239819,195.28624375671006,190.55672874947487,187.3492974840125
120,136.9977845296873,90.01531839473351,76.17751192134025,195.29611165569716,190.57842505718153,187.3751668767213
121,137.0065198126345,90.00116048444951,76.14347807739377,195.29398310227324,190.5780516267563,187.3944732297064
122,136.98603198717137,89.9840908131831,76.12050048529349,195.27180133501378,190.5554217429865,187.41544134808385
123,136.9967928429759,90.03065788918428,76.08733172975482,195.26695607524624,190.5604630537273,187.38854502170565
124,136.9515128497278,89.99291049499936,76.0645018356754,195.28386313774914,190.55086589179854,187.3889838024553
125,136.942250073849,89.98896484787105,76.02840021943706,195.28053960696448,190.5503710964851,187.3958549222798
126,136.80879436215554,89.8111575304891,75.68713339241255,195.04783643747373,190.4739392241983,187.20338888110908
127,136.79218888466895,89.85031860573068,75.69614297168418,195.10175979087896,190.4894926014097,187.22930495262102
128,136.89386842216314,89.95195594379035,75.81957631767735,195.15648601969846,190.4938804089063,187.265621061476
129,136.99713043845213,90.07427100476853,75.89950204667258,195.15069784810717,190.49605564113335,187.27891518461468
130,137.22874203485674,90.25351310292442,76.16004135544584,195.19412780656305,190.52211174905474,187.26621855015637
131,137.25794404354983,90.3069586867536,76.18069797864709,195.18771413900947,190.51806002894085,187.28579564019978
132,137.22044984597207,90.24998945014137,76.13039625269022,195.19989730663306,190.49692386687207,187.27426597582038
133,137.1352913870954,90.16080094526734,76.10096214710723,195.22039863697896,190.5021332213042,187.28757877048034
134,137.0541840739334,90.11372747605182,76.02289319323121,195.20076553237175,190.51505391401764,187.32097278625776
135,136.9941131788834,90.01365151706968,75.98725577077268,195.21229519675114,190.50215189282548,187.29443121878356
136,136.98212853947757,89.94777819977212,75.97084019074144,195.19795546842178,190.52075806376325,187.36861317275824
137,136.90568426383086,89.89192724817488,75.90697134658396,195.24171217849974,190.51249591560472,187.3258460533072
138,136.82493564586235,89.79041650841879,75.85059290205511,195.22606544368202,190.519245670541,187.2910236661532
139,136.80854116554838,89.72713845634469,75.81415369034055,195.23262848340568,190.5099379171918,187.2878681790599
140,136.79934168882136,89.73768831497658,75.81782504114445,195.21090416841713,190.53517247817766,187.29571021799
141,136.81742414651643,89.76965438663122,75.85515044098409,195.21347150259066,190.53060729122905,187.29200392101947
142,136.98373211798963,89.89903785289277,76.02766172933282,195.21629090230127,190.51905895532838,187.32135555244363
143,137.08456766679328,89.99369118453812,76.11366417690003,195.20727255753164,190.53050459786212,187.31375624328993
144,136.92912604971093,89.79866649786892,75.93674304764316,195.15072585538906,190.504112402558,187.26354852261588
145,136.95484660505548,89.81601046545977,75.93659534962231,195.1482425430612,190.50518601503057,187.25501563739905
146,136.93475967422037,89.84086593239651,75.9315947166308,195.16744620267937,190.49203192830137,187.2585165476357
147,137.02228130143055,89.98176984428409,76.02740853272566,195.17086309107034,190.48118377444803,187.25093591000328
148,137.13254842385112,90.08878761024603,76.15090517787061,195.180310880829,190.49049152779722,187.2632217709938
149,137.09028569017175,90.03251466430349,76.11566865004009,195.16539233534053,190.5058861970779,187.273491107688
150,137.0288433134996,89.98020846520657,76.05093471747479,195.16888390981654,190.50817345843254,187.26088783083603
151,136.95879225218383,89.92184664725492,76.01272312951006,195.1750548475937,190.49115436680202,187.31997385987023
152,136.92621428872854,89.88673671772798,75.9670211419167,195.16603650282406,190.5009009009009,187.30679176585912
153,136.8850276406296,89.8540954551209,75.93469637506857,195.17372916958408,190.50815478691126,187.25088923120012
154,136.95769506688612,89.94857998902815,76.02198590538887,195.1658031088083,190.51530597955468,187.31268263081733
155,137.08952610035024,90.01896864582015,76.08585474954636,195.1840545208421,190.5088829762405,187.3086215749428
156,137.17403046799174,90.13294931847913,76.19207072625227,195.20687111982448,190.51097418662187,187.30813611539
157,137.23300417774402,90.22289741317466,76.21945815926067,195.2187928861504,190.503935023106,187.31688372310134
158,137.2328353800059,90.20110140524118,76.21521711609064,195.20296877188068,190.50680110161974,187.31442841805537
159,137.16947292906275,90.1417690002954,76.13364560914884,195.2161882089343,190.497988143584,187.30455118330767
160,137.22616786935055,90.237561716673,76.21247415284635,195.24411146898194,190.5006301638426,187.3342855809177
161,137.29062750559143,90.25245811706124,76.2266109634131,195.22317135788637,190.51098352238247,187.37442001587078
162,136.98539899565347,90.13031185382115,75.81297210617377,195.21912897353312,190.5539747000887,187.2860103626943
163,137.00371355023842,90.12944676541335,75.84322910073006,195.2353638612706,190.55207954068058,187.32156093917752
164,137.08608684643625,90.23667552854792,75.97425834493818,195.25144937683797,190.53001913830929,187.34325724688418
165,137.0696290669705,90.2191416635017,75.94142718487572,195.2617187135322,190.54365868459132,187.29463660551744
166,137.05321348693928,90.17755412077479,75.95267333417732,195.26498622975308,190.52842272324136,187.34264108668253
167,137.08193020213528,90.18964425876693,75.99130691648732,195.25058115109928,190.53975633664754,187.34156747420997
168,137.0829218888467,90.16647676921129,75.97700130818247,195.2425337254353,190.55026840311814,187.33105540773934
169,137.09359834578217,90.16672996581846,76.03580622019665,195.23604537179668,190.5479064556785,187.34807449936983
170,137.04757986242984,90.12037388698991,76.01185804110224,195.24955421742987,190.5429024879802,187.3537973206367
171,137.03667130860447,90.10402160611048,75.99698274043128,195.25509965924473,190.5472529524343,187.33505111328947
172,136.99223530404691,90.0605983879816,75.95284213191543,195.26462213508844,190.53952294263175,187.32836670867758
173,136.9814111490906,90.00945267333418,75.90254040595856,195.25945012369883,190.5404751902161,187.3576436540167
174,136.96590285690172,89.98936574249905,75.87188251677428,195.24852728376044,190.554245437147,187.3087989543948
175,136.95096425707897,89.94691311136431,75.87333839726547,195.27078373710498,190.5548802688699,187.36798767679596
176,136.92910494999367,89.92804996413048,75.84449508376588,195.26487420062548,190.5619007608645,187.36654063389815
177,136.93091952567835,89.94530953285226,75.85067730092416,195.24980628296692,190.57540027073705,187.3611258927321
178,136.9354981643246,89.90557876524454,75.82474574840697,195.27203472902954,190.55116463613874,187.37719273677823
179,136.92273283538,89.89933324893447,75.84673165379584,195.27671194510572,190.557914391075,187.36977080707652
180,136.73859560281892,89.69067814491285,75.91114909060218,195.19473463100405,190.59466928067965,187.304467161462
181,136.77153226146768,89.75773304637718,75.8529349706714,195.23207767352844,190.55467488213603,187.29307753349204
182,136.91391315356375,89.93619445499431,75.99615985145799,195.24125472622882,190.5480278205667,187.27956868785884
183,136.9058952610035,89.90068363083935,75.92798666497869,195.26957008822293,190.55666339915044,187.28469402044533
184,136.9604380301304,89.91509473773051,75.95528969911803,195.27112916024834,190.54195957615647,187.34314521775661
185,137.07937713634638,90.03403384394649,76.06739249694054,195.27211875087522,190.54167950333755,187.3677542827802
186,137.19901253323206,90.1688610372621,76.13546018483352,195.27488213602203,190.55691546468748,187.34131540867293
187,137.22768704899354,90.22009115077859,76.13902603705111,195.26018764878867,190.55450683844467,187.36861317275824
188,137.16189813056505,90.09594041439844,76.08982149639195,195.26251225318583,190.56233020585353,187.37321570274938
189,137.09340844832678,90.04118664809891,75.97423724522092,195.2676749288148,190.55347056901462,187.31528730803342
190,137.0094948727687,89.97254926783981,75.91855509136178,195.2625029174252,190.5575222891285,187.35853055127666
191,136.97974427142677,89.9435371566021,75.87859222686416,195.27600242729775,190.54585258833964,187.37453204499838
192,137.09469553107988,90.04004726336667,75.98082035700722,195.2818372776922,190.5536852915091,187.3382159361434
193,137.2243954931004,90.16360720766342,76.10018145756847,195.24075993091537,190.5632264388741,187.39999066423937
194,137.30788707431321,90.2365700299616,76.16544288306537,195.2532231713579,190.5793119544415,187.3735237828502
195,137.28282061020383,90.2321390893362,76.1256277165886,195.2834243569995,190.59139242869813,187.36602716706344
196,137.29628222981813,90.24456682280457,76.12765328944592,195.26880455585118,190.58874107267889,187.3809643840732
197,137.3251255433177,90.25214162130227,76.11952989829936,195.27258553890678,190.5811137562433,187.39843159221397
198,137.274275224712,90.1393847322446,75.89416381820483,195.15934276245156,190.51157167530224,187.26868319096297
199,137.35924378613328,90.24296324429253,75.97126218508672,195.1860430378565,190.49108901647762,187.3188535685945
200,137.45423471325483,90.31533527450732,76.09840908131831,195.20688045558512,190.48190262801663,187.30070484992766
201,137.3934886272524,90.2687259990716,76.03112208296409,195.22120151239324,190.48990337487746,187.2687765485693
202,137.33116006245515,90.26963328691396,76.01487530067097,195.2079914111002,190.50100359426784,187.29236801568408
203,137.27056167447356,90.22842553909777,75.96383508460987,195.21263128413386,190.49174251972178,187.31047005554777
204,137.21604000506395,90.18320884500147,75.93153141747901,195.20452784390608,190.50415908136117,187.29467394855996
205,137.12286365362704,90.12729459425243,75.87327509811368,195.2515147271624,190.51303738972132,187.2842645754563
206,137.2036544710301,90.17926319787315,75.97478583786977,195.26780562946365,190.53187695467489,187.327647855109
207,137.3307380681099,90.28130143056083,76.07036755707473,195.2743313261448,190.53265182280725,187.3463473836531
208,137.35232307887074,90.24551631008144,76.02871671519601,195.34057788358305,190.6123698828362,187.45596788498344
209,137.27995104865596,90.15535721821328,75.97430054437271,195.33739438920787,190.61320076553238,187.48191196377724
210,137.15696079672531,90.0337384479048,75.85190108452547,195.3201419035616,190.6063949960323,187.4343742706437
211,137.08849221420434,89.97130438452125,75.76553994176479,195.31674368669186,190.6029967791626,187.4307146524763
212,137.1147191627632,89.99175001054986,75.80592480060767,195.3250058348504,190.59083228306025,187.42796060309013
213,137.07623327847406,89.95294763050175,75.74692999113812,195.3186201745787,190.59679783410354,187.34961489987396
214,137.10446470017303,89.97128328480399,75.82364856310926,195.31277598842365,190.5924940484526,187.3662512253186
215,137.05061822171584,89.9271637760054,75.76340887032114,195.32578070298277,190.5801521728983,187.34598328898846
216,136.9761784192092,89.53660800945268,75.65945056336246,195.14378004947955,190.49036082714838,187.11614619801148
217,137.02392707937713,89.60452799932482,75.69382200278517,195.16633524716426,190.46914997899455,187.14672081407832
218,137.1320842300713,89.81653795839135,75.86325273241339,195.2620828081968,190.55883863137748,187.2250105027307
219,137.29668312444613,89.97668481242351,76.03213486939275,195.25495028707465,190.57163795920272,187.2081687905522
220,137.31672785584672,90.021036418112,76.03859138287547,195.27555431078747,190.57891985249498,187.24146944872334
221,137.31679115499853,90.04768536101616,76.04494239777188,195.27908322830604,190.57384119871168,187.25819913177426
222,137.35278727265054,90.0921213655737,76.0906654850825,195.2785324184288,190.57749148111841,187.25014237034964
223,137.31544077309363,90.06047178967802,76.08439886905515,195.28516080847686,190.56196611118892,187.26608784950753
224,137.32734101363042,90.06285605772882,76.0649660294552,195.2755076319843,190.57432665826448,187.2625962750315
225,137.403215596911,90.16953622821454,76.12035278727265,195.27779489333892,190.57139522942632,187.2637632451104
226,137.40587416128625,90.19743005443728,76.14801451660547,195.27347243616674,190.5616580310881,187.28295756896793
227,137.4902097311896,90.2944887538507,76.20513145123856,195.27806563039724,190.57077906922467,187.2874200625496
228,137.38755960670127,90.23988268557201,76.1227159556062,195.2783550389768,190.5665219623769,187.29665312981376
229,137.30820357007215,90.20371777018188,76.00858758492636,195.27705736824907,190.55338654716894,187.3067544228166
230,137.2612144997257,90.16246782293118,75.99468287124952,195.27642253652616,190.5558045091724,187.30925640666572
231,137.2098788876229,90.15987255770773,75.92777566780605,195.2718106707744,190.56269430051813,187.31136628856837
232,137.26043381018695,90.1900662531122,75.95425581297211,195.26512626616253,190.57149792279327,187.35820379965458
233,137.28794784149892,90.21563911043592,75.98347892138246,195.26723614806517,190.59311020865425,187.35921206180274
234,137.16246782293118,90.21971135586783,75.89823606363674,195.16618587499417,190.5412220510666,187.30670774401344
235,137.19426509684772,90.26340887032114,75.90057813225303,195.16768893245577,190.54064323390747,187.2933669420716
236,137.25570747351986,90.28596446807613,75.97695910874795,195.18312094477898,190.53896279699387,187.32644354198757
237,137.37890872262312,90.45972063974342,76.14647423724522,195.18094571255193,190.54054987630118,187.276375857723
238,137.42022196902562,90.53781069333671,76.20532134869393,195.21730850021007,190.5417541894226,187.3449096765159
239,137.49599105371988,90.57901844115288,76.24507321601891,195.2144704289782,190.55020305279373,187.32239182187368
240,137.3625353420264,90.41496813942693,76.10005485926489,195.22207907389256,190.5484852728376,187.3089763338468
241,137.38909988606153,90.36973034561336,76.10478119593198,195.2242636418802,190.54499369836157,187.3412780656304
242,137.26269147993418,90.24764738152508,76.0388656791999,195.22775521635626,190.55135135135134,187.33652616346916
243,137.21975355530236,90.21899396548086,75.99430307633878,195.1966671334547,190.57425197217944,187.32631284133876
244,137.33805967000043,90.32930328733595,76.13231632696122,195.2190356159268,190.59381972646221,187.39763805256032
245,137.325948432291,90.30560830484872,76.10775625606617,195.23000513466835,190.58681790598888,187.40931708910983
246,137.27406422753936,90.23325737435118,76.06089378402329,195.2456051906829,190.58777015357327,187.3836717546562
247,137.26222728615437,90.18778748364772,75.98079925728996,195.2592354012043,190.61721514260375,187.42164029314287
248,137.20941469384312,90.13225302780943,75.86515170696713,195.24913410820147,190.6297810764132,187.4022219110302
249,137.18145756846857,90.10950753259907,75.82354306452294,195.27238948793354,190.62228446062642,187.38955328385381
250,137.1871544921298,90.11714563024856,75.81565177026629,195.2517854642207,190.6136862250852,187.44621201512393
251,137.20648183314344,90.14216989492341,75.88169388530194,195.27227745880595,190.63070531671568,187.50049946319376
252,136.95429801240664,89.87217791281597,75.77376883149766,195.13400550809877,190.5969658777949,187.2896139662979
253,137.00356585221758,89.99297379415115,75.80478541587543,195.18905848854035,190.5439854362134,187.25592120618026
254,137.045512090138,90.01259653120648,75.81090433388192,195.18999206460347,190.51136628856835,187.2596181673902
255,137.01291302696544,89.98022956492383,75.72981812043719,195.17785557578304,190.5193016851048,187.2706717079774
256,137.0381060893784,89.9872346710554,75.7569101574039,195.19018811557672,190.53618074032582,187.32030994725295
257,137.10914883740557,90.03114318268135,75.75547537662996,195.20233394015779,190.55148205200018,187.33955094991364
258,137.24384943241762,90.13984892602438,75.88918428493058,195.1841198711665,190.5478877841572,187.29374037249684
259,137.27294594252436,90.19958222559818,75.96145081655906,195.1873687158661,190.5252485646268,187.32240115763432
260,137.29090180191585,90.20595434021185,76.01012786428662,195.1802735377865,190.50865891798534,187.29319889838024
261,137.2675233151876,90.19356880617799,75.9592142465291,195.1897960136302,190.51523129346964,187.2367735611259
262,137.3023589483901,90.19453939317214,75.9623581044014,195.19575222891285,190.51237455071652,187.26726415534705
263,137.30081866902984,90.20717812381314,75.94492973794151,195.1843626009429,190.5174718760211,187.3239882369416
264,137.31723424906107,90.20110140524118,75.94657551588809,195.19103766979416,190.52213975633666,187.29404845259768
265,137.33185635312486,90.2127906486053,75.93832552643795,195.18914251038603,190.53258647248285,187.3125239228866
266,137.3612693589906,90.23165379583914,75.95047896358189,195.19909443121878,190.52118750875226,187.32550063016384
267,137.35738701101405,90.24180275984301,75.94944507743597,195.19700322083742,190.5335573915885,187.28916584978762
268,137.37177701818797,90.26912689369962,75.98212853947757,195.18763945292443,190.5339214862531,187.30709984595995
269,137.37867662573322,90.29256867957969,75.98335232307888,195.21380758997338,190.52121551603418,187.28375110862157
270,137.38390935561463,90.3670295818036,75.8629573363717,195.1589880035476,190.54400410773468,187.16789431918966
271,137.5037346499557,90.45336962484703,76.00806009199476,195.17281426504223,190.51435373197032,187.24417681930635
272,137.57178123813142,90.54871924716208,76.0820357007216,195.17161928768147,190.5219810484059,187.24639873033655
273,137.541355445837,90.57374351183694,76.04411950879859,195.18346636792234,190.53979367969006,187.2301078280353
274,137.51303962526902,90.55357218213275,76.03437143942271,195.20088689725995,190.52639686318443,187.24523176025767
275,137.50339705447948,90.55023842680508,76.00010549858632,195.18862904355132,190.5374690752929,187.25371796667133
276,137.4207494619572,90.49628644976157,75.91298476600413,195.18921719647108,190.5320356626056,187.24172151426038
277,137.40435498164325,90.43617335527703,75.87930961725112,195.22106147598376,190.5133641413434,187.2394715959483
278,137.36245094315737,90.36645988943748,75.8599822762375,195.2262988376978,190.51271063809924,187.2398356906129
279,137.39367852470778,90.37032113769675,75.80162045828585,195.25787238015218,190.53038323297392,187.26483685758296
280,137.38407815335273,90.34417858800693,75.80662109127738,195.32576203146152,190.57497082574804,187.362470242263
281,137.40140102122632,90.33786977254505,75.79832890239271,195.30292676095786,190.59904775241563,187.37118984269244
282,137.4003671350804,90.31738194708191,75.83257374351183,195.31943238575363,190.58544554917611,187.32010456051907
283,137.51010676456934,90.41494703970967,75.93264970249399,195.31407365915138,190.58882509452457,187.339896373057
284,137.49774233025278,90.41085369456049,75.93463307591678,195.29302151892824,190.59193390281473,187.3905988890445
285,137.59598261383297,90.52350508503186,76.05131451238553,195.29502870746393,190.6047145591187,187.33479904775243
286,137.6259231126303,90.49229860319872,76.07119044604802,195.31136628856837,190.59445455818513,187.32624749101433
287,137.69610077224965,90.52932860699667,76.12239945984724,195.31934836390795,190.59169117303833,187.30706250291743
288,137.50073849010423,90.18848377431742,75.89420601763936,195.1969005274705,190.5238668720534,187.23485973019652
289,137.53996286449762,90.2400092838756,75.93364138920539,195.21809270410307,190.51402698034823,187.293002847407
290,137.56606321475292,90.28839093556147,75.97801409461113,195.2242543061196,190.51207580637632,187.31647294963358
291,137.72236992024307,90.43480187365489,76.13090264590454,195.19774074592726,190.53492974840125,187.27507818699527
292,137.71764358357598,90.4362577541461,76.10984512807528,195.22967838304626,190.50242262988377,187.30203052793726
293,137.65909186816896,90.40378528927712,76.07519939232814,195.21841945572515,190.50706250291742,187.27762684964756
294,137.61581634806095,90.37633455711693,76.05002742963244,195.22559865565046,190.50063949960324,187.26753489240537
295,137.60617377727138,90.37207241422965,76.0094948727687,195.21676702609346,190.4961583345003,187.31258927321105
296,137.56524032577963,90.36192345022577,76.00346035363125,195.20761798067497,190.4955608458199,187.32782523456098
297,137.6368105667384,90.51405241169768,76.10659577161665,195.2048639312888,190.5087336040704,187.3161461980115
298,137.6852344178588,90.59163607207664,76.18863147233827,195.22471175839053,190.4976240489194,187.31513793586333
299,137.68856817318647,90.5691648731907,76.14558804912014,195.2223404751902,190.4976893992438,187.2996965877795
300,137.76032831160063,90.65390133772208,76.23642233194076,195.223180693647,190.50062082808196,187.29400177379452
301,137.7168628940372,90.6326750221547,76.18426383086467,195.22721374223966,190.50006068244411,187.26287634785044
302,137.65613790775203,90.58260539308773,76.14824661349537,195.24564253372543,190.4811464314055,187.21100686178406
303,137.61290458707853,90.55044942397772,76.03186057306831,195.22025860056948,190.4844139476264,187.2209494468562
304,137.6047600962147,90.53042579229438,76.07718276575093,195.22092143957428,190.47780422909958,187.249171451244
305,137.55998649618095,90.51816685656412,76.05701143604675,195.21556271297203,190.4762171497923,187.28629043551322
306,137.54492129805462,90.50217327087817,76.04616618137317,195.1088269616767,190.40913037389723,187.17251552070204
307,137.54473140059923,90.5323458665654,76.06464953369625,195.1156700742193,190.4800728189329,187.2529617700602
308,137.55614634763893,90.55078701945394,76.06108368147866,195.16094851328012,190.49827755216356,187.2969145311114
309,137.58038992277503,90.57692956914377,76.0780267544415,195.19239135508565,190.5316995752229,187.30320683377678
310,137.5894417014812,90.60691226737562,76.09796598725578,195.2104747234281,190.5556644727629,187.3472809597162
311,137.60632147529222,90.62626070810651,76.11387517407266,195.22050133034588,190.54757970405637,187.3437707137189
312,137.7123264548255,90.74159176267038,76.29119719795754,195.21327545161742,190.55213555524438,187.33777715539372
313,137.69295691437733,90.70276828290501,76.28588006920707,195.21730850021007,190.5513980301545,187.3702469308687
314,137.6781238131409,90.67105540785754,76.25946322319281,195.23492508052092,190.53912150492462,187.3733744106801
315,137.62035278727265,90.63575558087521,76.16381820483606,195.24736031368155,190.53093404285113,187.3381599215796
316,137.61957209773388,90.58176140439718,76.1091910368401,195.24792979508004,190.53869205993558,187.3632824534379
317,137.65818458032663,90.60279782250917,76.12438283327003,195.25784437287027,190.52205573449098,187.34448023152686
318,137.63662066928302,90.56589441701482,76.09134067603495,195.25440881295805,190.52211174905474,187.3320076553237
319,137.57401780816136,90.517597164198,76.04606068278684,195.23795920272605,190.528786817906,187.3464780843019
320,137.5116470439296,90.4777397982867,76.0124699329029,195.24696821173504,190.53312794659945,187.31883489707323
321,137.56245516310082,90.5101911634384,76.02468666919863,195.2169630770667,190.5574942818466,187.33054194090462
322,137.7025361860151,90.63316031565176,76.17527535131029,195.2195677542828,190.55038976800634,187.3421836344116
323,137.8181415369034,90.70684052833693,76.28005654724227,195.2387900854222,190.55377864911543,187.3668020351958
324,137.54926783981094,90.34833523230789,76.19418069797865,195.14858796620456,190.54838257947065,187.2409186388461
325,137.6121027978225,90.48214963919483,76.24730978604887,195.12027260421044,190.49248004481166,187.19680716986417
326,137.65455542895725,90.48189644258767,76.19574207705617,195.1218503477571,190.47773887877514,187.20236194743967
327,137.615183356543,90.47048149554796,76.0992319702916,195.11295336787566,190.47504084395277,187.23775381599216
328,137.70082710891674,90.52456007089505,76.20639743427438,195.13475236894925,190.50442048265882,187.30208654250106
329,137.80733848166435,90.64360467569735,76.32487234671055,195.2020351958176,190.5114129673715,187.32862810997526
330,137.86063636747267,90.68869477149006,76.32575853483563,195.2160014937217,190.50500863557858,187.31057274891472
331,137.8316664556695,90.64029202008693,76.2719964552475,195.2089716659665,190.51258927321103,187.31982448770015
332,137.77336793686965,90.61868590960881,76.21074397603073,195.2108108108108,190.50031274798116,187.31695840918638
333,137.73093640545216,90.6224205595645,76.19363210532978,195.18621108154787,190.47139989730664,187.24525043177894
334,137.7339958644554,90.62497362535342,76.20316917753303,195.19100966251224,190.45883396349717,187.25303645614525
335,137.71673629573363,90.64605224289994,76.17738532303667,195.19673248377913,190.46769360033608,187.27197871446577
336,137.93475967422037,90.81755074482002,76.3939528210322,195.19449190122765,190.46978481071744,187.22462773654485
337,137.99139131535637,90.93003333755328,76.42688947968097,195.17306633057927,190.49428184661346,187.2543994771974
338,137.99278389669578,90.91214077731358,76.4144617462126,195.1989543948093,190.48404985296176,187.2382766185875
339,137.94081529307508,90.88517533865046,76.37211461366418,195.18522149092098,190.48536619521076,187.21823274051252
340,137.96292779676753,90.88720091150779,76.35099379668313,195.1822620548009,190.4879055221024,187.21489987396723
341,137.9825083343883,90.8988479554374,76.3624298434401,195.19848760677777,190.48660785137469,187.23364608131448
342,137.82208718403174,90.79560703886568,76.22840443938051,195.12072072072073,190.52129020211922,187.1422116416935
343,137.90960881124192,90.85428535257627,76.3094062539562,195.12886150399103,190.51211314941884,187.24751902161228
344,137.93720724142295,90.96048022956492,76.36563700046419,195.14628203332867,190.49646641460112,187.23906082248052
345,137.86019327341015,90.9179010001266,76.28765244545723,195.13438827428465,190.5107127853242,187.22152826401532
346,137.83685698611637,90.91138118749208,76.26577203865469,195.1580077486813,190.51135695280772,187.26508892312
347,137.85365236105835,90.91070599653965,76.25648816305862,195.1486346450077,190.50236661531997,187.2943845399804
348,138.0021521711609,91.06608431447019,76.42621428872853,195.16872520188582,190.49443121878355,187.24906875787704
349,137.99873401696416,91.07952483436722,76.36422331940751,195.21157634318257,190.51075946412735,187.23999439854362
350,138.02905431067225,91.01274422922732,76.40378528927712,195.20970919105633,190.5014983895813,187.23900480791673
351,138.0067097100899,90.97400514833102,76.35620542684728,195.21217383186294,190.49852028193996,187.25571581944638
352,137.99620205089252,90.95626028611217,76.31434358779592,195.21643093871074,190.5213088736405,187.28175325584652
353,137.94710300881968,90.87551166814364,76.2307465079968,195.18665919805815,190.53828128646782,187.32437100312748
354,137.90538886778918,90.84555006962907,76.2172848883825,195.19806749754937,190.55033375344257,187.24174952154226
355,137.9055998649618,90.8465206566232,76.20375996961641,195.18907716006163,190.53801988517014,187.31314008308826
356,137.93556146347638,90.83464151580368,76.26207958813352,195.21898893712364,190.52532325071186,187.30383232973907
357,137.90960881124192,90.78872853103769,76.17704772756045,195.23130280539607,190.53931755589787,187.27917658591232
358,137.8743089842596,90.73667552854792,76.16206692830316,195.24907809363768,190.52750781869952,187.25473556458013
359,137.8664598894375,90.71928936152256,76.1229480524961,195.2447276291836,190.5263875274238,187.25535172478178
360,137.7738532303667,90.49649744693421,76.03700890408068,195.11422303132147,190.46172804929282,187.16674602063202
361,137.82634932691903,90.55749672954383,76.0362493142592,195.11360687111983,190.46215749428185,187.22901554404146
362,138.01953833818627,90.78144912858167,76.2164619994092,195.1478877841572,190.45007702002522,187.24189889371237
363,138.06678060513988,90.80674768958096,76.29364476516015,195.13595668207068,190.4647621714979,187.2178313028054
364,138.0511035152129,90.77929695742077,76.28657635987678,195.15518834897074,190.45057181533866,187.2173831862951
365,138.03194497193738,90.78912942566569,76.28298940794194,195.1578210334687,190.45623862204172,187.24675348924055
366,137.9967928429759,90.76480145166055,76.22258091741571,195.17179666713346,190.45444615600056,187.24663212435235
367,138.02477106806768,90.8062623960839,76.22454319112124,195.19596695140737,190.45865658404517,187.27377118050694
368,138.11674473562053,90.89813056505042,76.31831033464151,195.1918405452084,190.47443401951173,187.2820239929048
369,138.0999282609613,90.91104359201587,76.29718951766047,195.20614293049528,190.46314708490874,187.23769780142837
370,138.0664852090982,90.88918428493058,76.26490695024687,195.19149512206508,190.46932735844652,187.2952901087616
371,138.07804785415877,90.9056631641136,76.24971515381694,195.18807823367408,190.4664986229753,187.27725341922232
372,138.06203316875553,90.88846689454361,76.24619150103389,195.21682304065723,190.46039303552257,187.2317042431032
373,138.09621471072288,90.98628518377853,76.25404059585601,195.23562526256828,190.44864864864866,187.24621201512394
374,138.1505042832426,91.05836181795163,76.33040047263367,195.25900200718854,190.4545488493675,187.22455305045978
375,138.1506730809807,91.10193273410137,76.37622905853061,195.2527843906082,190.45688278952528,187.22655090323485
376,138.26157319491918,91.17411486686079,76.45286323163269,195.2288568361107,190.48446996219016,187.27488213602203
377,138.31596826602524,91.20808541165549,76.4997046039583,195.24982495448816,190.4673388414321,187.29674648742005
378,138.08467316537957,90.99544246107102,76.36749377558341,195.1901227652523,190.46599449190123,187.21208047425665
379,138.0842511710343,91.02145841245728,76.3526395746297,195.2024366335247,190.47202539326892,187.2609158381179
380,138.22977592100267,91.21601890534667,76.52145841245728,195.20653503244176,190.48169724128275,187.26034635671942
381,138.27585770350677,91.28216651896865,76.52409587711524,195.19331559538813,190.49599962656958,187.24555851187975
382,138.32162299025194,91.36264084061274,76.60140524116977,195.20857022825936,190.5013490174112,187.24468095038043
383,138.3212431953412,91.3700046419378,76.58412457273073,195.21253792652757,190.51943238575362,187.2960743126546
384,138.10919103684012,91.24494661771533,76.38198928134364,195.22271390561545,190.51918032021658,187.27536759557486
385,138.10368401063425,91.19179642992783,76.38732750981137,195.22828735471222,190.5086495822247,187.34771974046586
386,138.0878170232519,91.16130733848166,76.37574376503355,195.23046258693927,190.51361620688044,187.356168603837
387,138.1071654639828,91.16493648985103,76.38340296240031,195.2042664426084,190.5333239975727,187.3291509125706
388,138.1470017301768,91.1534793433768,76.38601932734102,195.2243756710078,190.52438967464875,187.338580030808
389,138.16584377769337,91.16883993754483,76.40047263366671,195.25089856696076,190.51006861784063,187.32139289548616
390,138.09577161666033,91.0923534624636,76.34282820610204,195.22224711758392,190.53304392475377,187.33525650002335
391,138.03789509220576,91.01536059416804,76.23616913533358,195.21391028334034,190.5211314941885,187.37290762264857
392,137.9655652614255,90.93302949740473,76.18409503312655,195.21803668953928,190.51902161228585,187.3568874574056
393,137.92889395282103,90.87901422120943,76.12185086719838,195.21672968305091,190.52403491574475,187.34209961256593
394,138.03945647128327,90.98964003882348,76.22699075832384,195.22048265882464,190.519423049993,187.33987770153573
395,138.0188842469511,90.97795079545934,76.22534498037726,195.24736031368155,190.53711431638894,187.36210614759838
396,137.79453095328523,90.64482845929865,76.02793602565725,195.19050553143816,190.58595901601083,187.29428184661344
397,137.8182048360552,90.6887369709246,76.06576781871122,195.2243756710078,190.5365354992298,187.29992064603462
398,137.80105076591974,90.70091150778579,76.04945773726632,195.22063203099472,190.5266582644821,187.28887644120806
399,137.81455458496856,90.7289952314639,76.09547622061865,195.20919572422164,190.53423890211454,187.30249731596882
400,138.02114191669833,90.86268304004726,76.30581930202135,195.2567707603977,190.57299164449424,187.37350511132894
401,138.01021226315567,90.82373296197831,76.27900156137908,195.2720160575083,190.5682677496149,187.34037249684917
402,138.0241802759843,90.88245347512343,76.29132379626112,195.23886477150725,190.50475657004154,187.25665873127014
403,138.07334261720894,90.86432881799384,76.28912942566569,195.23259114036316,190.51097418662187,187.3223638145918
404,138.07724606490274,90.87067983289023,76.31214921720048,195.2388741072679,190.50688512346542,187.30015404005042
405,138.1544710300882,90.91950457863865,76.35314596784403,195.24744433552723,190.5044951687439,187.29208794286515
406,138.22593577246064,91.0266278431869,76.39749757353252,195.26257760351024,190.5130280539607,187.3242869812818
407,138.28066843904293,91.07752036122716,76.41722580917416,195.2384259907576,190.5269850161042,187.35887597442002
408,138.25840823732963,91.04962653500444,76.38158838671562,195.2450077020025,190.54178219670447,187.31634224898474
409,138.23956618981305,91.02527746128202,76.35137359159387,195.24921813004715,190.5368622508519,187.32635018438128
410,138.1149090602186,90.962885597333,76.27809427353674,195.24041450777202,190.54092330672643,187.34712225178546
411,138.1053508882981,90.97020719922354,76.26712242055956,195.26123325397936,190.5334453624609,187.3224198291556
412,138.12092247963878,90.98328902392709,76.26275477908597,195.27473276385194,190.51018998272883,187.34764505438082
413,138.15647550322825,91.04430940625396,76.30729628222981,195.27723474770107,190.5185548242543,187.35037109648508
414,138.06614761362198,91.00135038190489,76.16322741275268,195.14017644587594,190.5401391028334,187.2529244270177
415,138.04525889353081,91.04612398193863,76.20401316622358,195.16751155300378,190.5269009942585,187.2942631750922
416,138.06511372747605,91.08306958686754,76.1585432755201,195.18493208234142,190.51960976520562,187.27714139009476
417,138.0876482255138,91.09891547453265,76.16746845592269,195.18042290995658,190.5221584278579,187.25060915838117
418,138.11465586361143,91.146136641769,76.15683419842173,195.18327031694906,190.52637819166316,187.32817999346497
419,138.22521838207368,91.29018441152888,76.27744018230156,195.20106427671195,190.51694907342576,187.31692106614386
420,138.2929062750559,91.35896948980884,76.36453981516648,195.20848620641368,190.5254632871213,187.28589833356673
421,138.18848377431743,91.26245938304427,76.26393636325274,195.1983475703683,190.51921766325913,187.27591840545207
422,138.05030172595687,91.16037895092205,76.14166350170908,195.1940811277599,190.5084628670121,187.28493675022173
423,137.98041946237922,91.0940414398447,76.12151327172216,195.17653923353404,190.50640899967325,187.28037156327312
424,137.93064522935393,91.08980039667469,76.1603578512048,195.1817485879662,190.51975913737573,187.29446856182608
425,137.9465755158881,91.09539182174959,76.19447609402035,195.21893292255987,190.512337207674,187.31744386873922
426,137.9537283200405,91.12102797822509,76.20449845972064,195.2295663539187,190.51961910096625,187.26095318116043
427,138.11628054184075,91.23519854833945,76.33930455331898,195.24042384353265,190.51688372310133,187.28932455771834
428,138.07142254293794,91.17892560239693,76.29503734649956,195.26470615693412,190.52124352331606,187.320384633338
429,138.1280752837912,91.19306241296367,76.2918090897582,195.26599449190124,190.52870279606032,187.2822573869206
430,138.05082921888848,91.12940456597882,76.21091277376883,195.25498763011717,190.5319142977174,187.31268263081733
431,137.99951470650294,91.08771152466556,76.1104781195932,195.2893712365215,190.51082481445175,187.2898193530318
432,137.86135375785963,90.7612777988775,76.08079081740304,195.16064976893992,190.49711058208467,187.25931942305
433,137.9918344094189,90.92121365573702,76.23228678735705,195.17732343742708,190.49421649628903,187.29214395742892
434,138.00299615985145,90.9247795079546,76.17489555639955,195.2004481165103,190.50627829902442,187.28837231013398
435,137.97153648141114,90.90097902688105,76.17286998354223,195.19692853475237,190.50724921813006,187.29173318396116
436,137.98622188462676,90.87538506984006,76.15919736675528,195.20251131960975,190.51483919152312,187.34387340708585
437,137.98364771912057,90.87293750263747,76.14717052791492,195.21256593380946,190.50479391308406,187.28521682304066
438,138.11109001139386,91.04433050597122,76.31269780984935,195.21176305839518,190.52340941978247,187.2965130934043
439,138.24935645862345,91.19550998016626,76.46453137527958,195.221080147505,190.54431218783552,187.30991924567053
440,138.26583533780646,91.15951386251425,76.41880828796894,195.24864864864864,190.52334406945806,187.29616767026093
441,138.32046250580242,91.21160906443853,76.44127948685488,195.2403771647295,190.53372543527985,187.2738178593101
442,138.3578301050766,91.25887243110942,76.41152888551294,195.24726695607524,190.55513233440695,187.2979601363021
443,138.30126176309238,91.20162889817277,76.361142760687,195.24026513560193,190.5629183587733,187.3190029407646
444,138.3226990758324,91.27678609106638,76.39779296957421,195.22064136675536,190.57569901507725,187.30494328525415
445,138.36308393467527,91.34187871882517,76.4381778284171,195.31511926434206,190.63744573589133,187.36814638472669
446,138.32957758366038,91.35991897708571,76.44971937376039,195.31433506044905,190.62740045745227,187.35111795733556
447,138.20148120015193,91.27936025657256,76.33812296915221,195.30237595108062,190.61780329552352,187.39461326611587
448,138.21528041524243,91.31335190108453,76.34742794446555,195.30799607898052,190.6154320123232,187.4015590720254
449,138.23792041186647,91.31818373633793,76.32174958855552,195.3213742239649,190.62740045745227,187.36138729402978
450,138.08494746170402,91.13155673713972,76.29866649786892,195.19578957195537,190.56519628436726,187.2620548009149
451,138.1437523737182,91.18770308477866,76.3292188884669,195.23371143163888,190.55801708444196,187.28989403911683
452,138.19943452757732,91.26712242055956,76.36559480102967,195.27128786817906,190.56008962330205,187.32244783643748
453,138.30978604886695,91.36730387812803,76.4902730303414,195.28568361107222,190.54553517247817,187.28605704149746
454,138.33141325906232,91.40424948305693,76.55950120268389,195.27272557531626,190.5515193950427,187.29994865331653
455,138.31799383888256,91.43570916149723,76.53831708655105,195.26716146198012,190.54434953087804,187.3273771180507
456,138.2908174030468,91.44511963539689,76.54175634046504,195.2589366568641,190.55516034168883,187.29431918965597
457,138.32877579440435,91.47031269780985,76.55855171540702,195.2693740372497,190.5756523362741,187.2975400270737
458,138.4666624467232,91.59222686416003,76.68633160315652,195.2785044111469,190.56553237174998,187.3087989543948
459,138.48778326370427,91.61288348736127,76.69266151833565,195.26113056061243,190.5797320636699,187.31553003780982
460,138.46242140355318,91.58547495463561,76.58340718234376,195.27516220884095,190.55939877701536,187.3580544274845
461,138.47740220281048,91.58741612862387,76.56876397856269,195.27350977920926,190.59533211968446,187.36831442841805
462,138.41931468118327,91.54076465375364,76.49820652403258,195.29029547682399,190.58136582178034,187.35248097838772
463,138.38167278558467,91.50706840528336,76.49573785711272,195.30113429491666,190.57933062596274,187.36989217196472
464,138.51135164788792,91.65607460860025,76.63223192809217,195.3347617047099,190.5986743219904,187.38731270130233
465,138.49710933873487,91.67430476431616,76.64360467569735,195.3208981001727,190.59625635998694,187.34559118704198
466,138.5100223657003,91.66434569776764,76.56637971051188,195.35057648321896,190.6219483732437,187.40620828081967
467,138.4340422838334,91.57629657762585,76.49713043845213,195.3640106427671,190.62457172198106,187.43271250525137
468,138.25366080094526,91.18411613284383,76.31554627167996,195.25910470055547,190.60611492321337,187.2516921066144
469,138.2854580748618,91.29910959193147,76.35785120479386,195.28454464827522,190.55080987723474,187.27888717733276
470,138.33424062117567,91.36789467021141,76.34854622948052,195.30162909023014,190.55453484572655,187.24714559118704
471,138.328585896949,91.32829050090729,76.33630839346753,195.29908042757785,190.54750501797133,187.28343369276013
472,138.3138371945816,91.3071274844917,76.37281090433389,195.27521822340475,190.58343836064043,187.3857723007982
473,138.35356796218932,91.32086340043044,76.40319449719374,195.32413760911172,190.59702189235867,187.38827428464734
474,138.3422163143014,91.36097396294889,76.39083006287716,195.3138402651356,190.6073472436167,187.3405592120618
475,138.309870447736,91.31324640249821,76.34829303287336,195.30631564206695,190.60090556878123,187.37392522055734
476,138.30816137063763,91.31839473351057,76.3565430223235,195.3243429958456,190.60086822573868,187.36459879568687
477,138.29208338608262,91.26935899058952,76.30873106300376,195.31353218503477,190.60160575082855,187.37077906922465
478,138.3720513145124,91.3281639026037,76.35152128961472,195.29177052700368,190.6075899733931,187.40486393128882
479,138.41216187703085,91.37802253449804,76.36188125079124,195.31952574335995,190.59164449423517,187.39327825234562
480,138.47178967801833,91.43845212474153,76.44275646706335,195.30428044624935,190.61081081081082,187.36725948746675
481,138.44963497489132,91.43830442672068,76.37156602101531,195.28771880688979,190.59362367548897,187.40019605097325
482,138.3915052538296,91.41642401991814,76.35470734692156,195.29985529571022,190.58656584045184,187.38516547635717
483,138.3147022829894,91.37768493902182,76.2856901717517,195.30949913644213,190.59368902581338,187.34522709237734
484,138.3212220956239,91.38384605646284,76.27864286618559,195.31257060168977,190.57366381925968,187.36539233534052
485,138.31311980419463,91.36025657256192,76.2806262396084,195.30847220277272,190.5791999253139,187.35104327125052
486,138.20103810608938,91.39893235430645,76.33687808583365,195.16255426410868,190.51976847313634,187.19823554124073
487,138.1982951428451,91.41281596826603,76.34004304342322,195.16060309013676,190.5170891098352,187.2606451010596
488,138.22952272439548,91.45571169346331,76.35534033843946,195.18697661391963,190.50188115576717,187.2485179479998
489,138.37165041988436,91.62558551715406,76.45877115246655,195.201138962797,190.50074219297016,187.2511599682584
490,138.60159513862513,91.81252901211124,76.66647676921129,195.21561872753583,190.51960976520562,187.28128646781497
491,138.61934000084398,91.87667215259316,76.67489555639955,195.22939831022734,190.52288661718714,187.26354852261588
492,138.75060134194203,92.02542515930287,76.83989534540237,195.22663492508053,190.52526723614807,187.2724361667367
493,138.71329704181963,92.01373591593872,76.81075663586108,195.24495168743874,190.53318396116325,187.261419969192
494,138.72139933324894,91.9967928429759,76.78252521416213,195.24577323437427,190.52753582598143,187.2772160761798
495,138.67540194961387,91.95900324935646,76.70331687555387,195.22949166783363,190.53766512626618,187.2813611539
496,138.72739165295184,92.01801915854328,76.68694349495716,195.25195350791205,190.53934556317975,187.3094617933996
497,138.70707262522683,92.01616238342406,76.66132843819892,195.23002380618962,190.5587452737712,187.3803668953928
498,138.73787821243195,92.04703126978099,76.70202979280077,195.2400784203893,190.55850254399476,187.34956822107083
499,138.65573701312402,91.9900409334515,76.63968012828629,195.2565280306213,190.55098725668674,187.33823460766465
500,138.61564755032282,91.95982613832975,76.59397814069291,195.24779909443123,190.56426270830417,187.34813984969426
501,138.5396252690214,91.92129805460607,76.46299109591932,195.28458199131774,190.55861457312236,187.28364841525465
502,138.69120563784446,92.00487403468793,76.55409967506435,195.27900854222096,190.5464407412594,187.31859216729683
503,138.66622357260414,91.97208507406,76.5770350677301,195.28741072678898,190.54960556411334,187.37023759510805
504,138.3039203274676,91.5276195298983,76.30174705658945,195.1382999579891,190.46894459226064,187.1961910096625
505,138.32284677385323,91.57570578554247,76.29805460606828,195.15787704803247,190.46392195304114,187.2463520515334
506,138.4118453812719,91.6527830527071,76.36238764400557,195.19377304765905,190.48508612239183,187.26798300891565
507,138.42142465290965,91.6507363801325,76.33270034181542,195.17685664939552,190.49395509499138,187.24394342529058
508,138.40315229775922,91.66755285479175,76.3470481495548,195.20058815291975,190.48952994445222,187.25438080567613
509,138.42992783896696,91.66255222180023,76.4114866860784,195.20295943612007,190.48980068151053,187.27206273631145
510,138.4050090728784,91.65658100181457,76.36373802591045,195.186612519255,190.50699715259302,187.2446436073379
511,138.43773473435456,91.70367557074735,76.4123095750517,195.19440787938197,190.50250665172945,187.27803762311535
512,138.44497193737604,91.68173186479301,76.4091024180276,195.18541754189422,190.50262801661765,187.30952714372404
513,138.43784023294089,91.68031818373633,76.3850909397814,195.18390514867198,190.50617560565746,187.28359240069085
514,138.43355699033634,91.69827404312782,76.4065915516732,195.18510012603278,190.52837604443823,187.3546375390935
515,138.44398025066465,91.70198759336625,76.41631852133182,195.19299817952668,190.5217383186295,187.33619007608644
516,138.51200573912308,91.78585896948981,76.46069122673757,195.19920646034635,190.51106754422815,187.3310460719787
517,138.55095581719206,91.82373296197831,76.48082035700722,195.2377351444709,190.5184334593661,187.31059142043597
518,138.57579018441152,91.86728277841077,76.48098915474533,195.2725575316249,190.5207113849601,187.2760677776222
519,138.57460860024474,91.85352576275478,76.43604675697345,195.26110255333055,190.5252205573449,187.2869065957149
520,138.61009832468244,91.84886272523948,76.43834662615521,195.24786444475563,190.53551790132101,187.33804789245204
521,138.63199983120225,91.85721821327594,76.42771236865426,195.24945152406292,190.52619147645055,187.3264528777482
522,138.45552179600793,91.7607503059459,76.53217706882728,195.12105680810345,190.48074499369835,187.27813098072164
523,138.61562645060556,91.93809342954805,76.62965776258598,195.14720627363116,190.4732203706297,187.26230686645195
524,138.71736928725156,92.05971219985652,76.7546313879394,195.16315175278905,190.47392055267704,187.24093731036737
525,138.73532514664302,92.06272945942524,76.76022281301431,195.1673061662699,190.46127993278253,187.21070811744386
526,138.68527661729334,92.03829598683377,76.67086551040217,195.16572842272325,190.45905802175233,187.28717733277318
527,138.61039372072415,92.02675444149048,76.60054015276195,195.17218876907995,190.45898333566728,187.26009429118238
528,138.55201080305523,91.96959530742288,76.5250031649576,195.14537646454744,190.47575969752137,187.24532511786398
529,138.55812972106173,91.98940794193358,76.53251466430349,195.16584978761145,190.45047845773234,187.2884096531765
530,138.5878803224037,92.02048782546314,76.55853061568975,195.17297297297299,190.4486019698455,187.27677729543015
531,138.54397181077775,92.01360931763514,76.52934970671393,195.1607898053494,190.46444475563646,187.2567147458339
532,138.56865847997636,92.03808498966114,76.5357218213276,195.1831022732577,190.48545955281708,187.29013676889323
533,138.57408110731316,92.063109254336,76.56927037177702,195.20337954534847,190.46699341828875,187.26932735844653
534,138.59309195256785,92.14856310925434,76.60851584588767,195.20595621528264,190.46982215375996,187.26398730336555
535,138.74610710216484,92.28524707768916,76.7537030003798,195.19680716986417,190.4808756943472,187.32750781869953
536,138.71479512174537,92.25494788369836,76.72741275266911,195.22924893805722,190.50713718900246,187.3347056901461
537,138.66580157825885,92.21969025615057,76.6891378655526,195.20815945479157,190.51975913737573,187.32143957428931
538,138.62261045701987,92.15989365742499,76.63970122800355,195.2363534518975,190.51410166643328,187.33970032208373
539,138.61079461535215,92.12750559142508,76.63792885175339,195.22955701815806,190.52248517948,187.31208514213697
540,138.4831624256235,91.85647972317172,76.51158374477782,195.19170050879896,190.58457732343743,187.2946552770387
541,138.5139258133941,91.88933198295143,76.54378191332236,195.23162955701815,190.55933342669093,187.2608504877935
542,138.67208929400346,92.05312908807022,76.67757522049205,195.23342202305932,190.544704289782,187.28120244596929
543,138.6679959488543,92.09039118875808,76.69572097733891,195.2163935956682,190.55918405452084,187.30196517761286
544,138.75923112630292,92.09950626661603,76.74663459509642,195.22739112169165,190.56148998739673,187.35228492741447
545,138.700447314006,92.04192513820315,76.67960079334937,195.2605517434533,190.54670214255705,187.32902021192177
546,138.66858674093768,91.98145334852514,76.64067181499767,195.27395789571955,190.55978154320124,187.26398730336555
547,138.63178883402963,91.9281554627168,76.64162130227454,195.2703356205947,190.5462913690893,187.33559258740607
548,138.6026712242056,91.90192851415792,76.60328311600624,195.2806423003314,190.53898146851515,187.28409653176493
549,138.56505042832427,91.8778115373254,76.55471156686501,195.29205993558324,190.55196751155302,187.30292676095786
550,138.5158036882306,91.84852512976326,76.5101911634384,195.2814731830276,190.5580264202026,187.31463380478925
551,138.47014390007175,91.80079756931256,76.47744440224501,195.3061849414181,190.5490267469542,187.2855902534659
552,138.48497700130818,91.78571127146897,76.43049753133307,195.30329085562246,190.5389067824301,187.30133034588994
553,138.48535679621892,91.77332573743512,76.42041186648099,195.29860430378565,190.53800121364887,187.30653970032208
554,138.46204160864244,91.75382959868338,76.37924631809933,195.3162675628997,190.52499649908975,187.3105354058722
555,138.48206524032577,91.77813647297127,76.39659028569017,195.3090416841712,190.52733043924755,187.30689445922607
556,138.53698780436343,91.8294509853568,76.43170021521712,195.30166643327266,190.53607804695886,187.3077720207254
557,138.58581255011183,91.89975524327974,76.5435287167152,195.28525416608318,190.54805582784857,187.32081407832703
558,138.5356585221758,91.76361986749377,76.59760729206229,195.19494935349857,190.55405872193438,187.26972879615366
559,138.55464826771322,91.788433134996,76.58728953032029,195.20646968211736,190.5399523876208,187.30533538720067
560,138.57057855424736,91.79841330126176,76.58891420854961,195.2286701208981,190.53056994818652,187.30016337581105
561,138.60334641515803,91.85650082288898,76.58817571844537,195.21785931008728,190.53850534472295,187.2677309433786
562,138.7323078870743,92.02462337004684,76.76815630670549,195.22163095738225,190.54250105027307,187.30761331279467
563,138.73998818415834,92.03743089842597,76.77598430181035,195.22739112169165,190.5394762638286,187.29059422116416
564,138.7677554120775,92.03475123433346,76.76332447145208,195.23592400690848,190.53103673621808,187.30267469542082
565,138.7387855002743,92.01040216061105,76.71127146896231,195.2556878121645,190.5166690006068,187.3319423049993
566,138.81474448242395,92.14149470397096,76.8459931636916,195.27138122578538,190.49938850767867,187.3182000653503
567,138.81143182681353,92.169093134152,76.8530404692577,195.26933669420717,190.50137702469308,187.3231480184848
568,138.95883445161834,92.26921129256868,76.97187407688737,195.2690192783457,190.51478317695936,187.3264528777482
569,138.94815799468287,92.2874414482846,76.91914588344517,195.266050506465,190.50797740745926,187.3547589039817
570,138.97655821411993,92.30170485715492,76.97134658395578,195.25516500956917,190.50784670681043,187.29566353918685
571,138.95642908385028,92.29385576233278,76.94805249609655,195.2576763291789,190.5087616113523,187.33979367969005
572,138.95590159091867,92.29077520361227,76.93214330927965,195.26612519255005,190.50903234841059,187.36092050599822
573,138.94357935603662,92.28007764695953,76.87078533147655,195.26738552023525,190.51409233067264,187.32018858236475
574,138.96849812212517,92.27984555006962,76.86352702873782,195.24146944872334,190.52449236801567,187.32312001120292
575,138.9477992994894,92.28431869012955,76.82445035236528,195.2920972786258,190.56383326331513,187.35558045091724
576,138.5908975819724,91.99261509895767,76.76195298982994,195.1236521495589,190.45291509125707,187.11758390514868
577,138.6315145377052,92.03749419757776,76.76389416381821,195.1259954254773,190.4399570555011,187.14711291602484
578,138.6355234839853,92.03506773009242,76.73540954551208,195.13326798300892,190.43355272370817,187.16383326331513
579,138.5978393889522,92.00960037135502,76.67523315187576,195.11055407739346,190.44033982168696,187.14225832049667
580,138.77478161792632,92.14027092036967,76.82820610203824,195.1311020865425,190.4353918685525,187.17042431032067
581,138.75572857323712,92.15419673376377,76.81537747394185,195.13802922093078,190.43592400690846,187.1956495355459
582,138.73348947124109,92.13735915938726,76.74422922732835,195.12342809130374,190.44182420762732,187.18584698688326
583,138.69903363294932,92.04897244376926,76.70844410684897,195.14489100499463,190.44615600056014,187.17635251832144
584,138.6830822466979,92.02479216778495,76.67479005781323,195.16045371796667,190.43652149558886,187.2028567427531
585,138.61820061611175,91.95891885048741,76.6271468962316,195.1560192316669,190.43468235074454,187.19590160108294
586,138.6157741486264,91.97664261298898,76.63609317635144,195.15839985062783,190.44796713812258,187.1859776875321
587,138.61915010338862,91.98470270498375,76.61938220027852,195.15445082388086,190.4548756009896,187.19730196517762
588,138.61663923703424,91.99367008482086,76.62326454825505,195.14660878495076,190.46477150725855,187.19976660598422
589,138.5846520656623,91.9511119550998,76.55642064396338,195.1788638379312,190.46130794006442,187.19193390281472
590,138.62330674768958,91.96309659450563,76.62132337426678,195.18325164542782,190.44077860243664,187.22052000186716
591,138.5026163649407,91.87063763345571,76.5078068953876,195.15515100592822,190.4538299957989,187.24325257900387
592,138.50911507785796,91.8895218804068,76.50806009199476,195.14113802922094,190.46374457358914,187.26577043364608
593,138.54215723509304,91.91201417901,76.51249103262016,195.16447743079868,190.45416608318163,187.2576109788545
594,138.4510697556653,91.7336582689792,76.52664894290416,195.13165289641972,190.511375624329,187.25367128786817
595,138.49231970291598,91.78474068447483,76.54559648900705,195.16491621154833,190.50719320356626,187.28700928908182
596,138.54612398193865,91.8384816643457,76.57595898214964,195.18674321990383,190.49270410306679,187.27192269990198
597,138.65487192471622,91.94094189137866,76.60729206228636,195.16804369135974,190.51417635251832,187.26704009709192
598,138.68734438958518,91.98016626577204,76.61741992657298,195.19434252905756,190.5460486393129,187.31268263081733
599,138.71156686500402,92.01080305523907,76.60914883740558,195.2102973439761,190.55372263455166,187.32662092143957
600,138.71276954888805,91.98360551968604,76.59018019158543,195.2180646968212,190.55151005928207,187.3053727302432
601,138.86247204287463,92.11159640460818,76.75363970122801,195.23883676422537,190.5424823787518,187.31348550623161
602,138.89131535637424,92.14493395788496,76.77098366881884,195.22282593474304,190.548905382066,187.31528730803342
603,138.81864793011775,92.14866860784065,76.75477908596025,195.235429211595,190.54705690146105,187.31340148438593
604,138.84538127189094,92.1734607756256,76.78666075874584,195.23345936610184,190.54438687392056,187.33706763758576
605,138.84031733974766,92.19591087479428,76.74522091403975,195.23714699155113,190.53937357046166,187.33672221444243
606,138.9079841330126,92.28317930539731,76.8386504620838,195.2317322503851,190.54225832049667,187.31536199411846
607,139.0142845085876,92.39367852470777,76.92030636789467,195.2453904681884,190.5458712598609,187.34616066844046
608,139.05414187449887,92.41731020804322,76.90958771152467,195.25621061475985,190.53574195957614,187.34936283433692
609,139.14202219690256,92.51390471367684,76.96012153437144,195.24141343415954,190.55881995985624,187.31352284927414
610,139.15495632358525,92.50270076380977,76.9718529771701,195.24805115996827,190.55369462726975,187.33349204126407
611,139.096784403089,92.45761066801705,76.9247795079546,195.2472856275965,190.57065770433647,187.3438920786071
612,138.88734860952863,92.17088661011942,76.69477149006204,195.17121784997434,190.56389861363954,187.26214815852123
613,138.88279107059967,92.21084947461704,76.68607840654936,195.1960416374924,190.49452457638986,187.2388180927041
614,138.8810186943495,92.26229058530616,76.73249778452968,195.20626429538348,190.47357512953369,187.22118284087196
615,138.79820230408913,92.24625480018568,76.71981685445415,195.18800354758903,190.46138262614946,187.20661905428744
616,138.76001181584166,92.19283031607377,76.67516985272397,195.16244223498109,190.47456472016057,187.25481025066517
617,138.75136093176351,92.12942566569608,76.69844284086594,195.18366241889558,190.46437940531206,187.24023712832002
618,138.72728615436554,92.14700173017681,76.65111617504326,195.18149652242917,190.45597722074405,187.19139242869812
619,138.75380849896612,92.1522555597755,76.65261425496898,195.18199131774261,190.4790458852635,187.26184941418103
620,138.71601890534666,92.11813731695996,76.64476516014686,195.20304345796575,190.49364701489054,187.26404331792932
621,138.74701439000717,92.13583997974428,76.6887369709246,195.21222984642674,190.48613172758252,187.2388741072679
622,138.77482381736084,92.17000042199435,76.77819977212306,195.2056387994212,190.50047145591188,187.27776688605704
623,138.76376756551463,92.11406507152805,76.73226568763978,195.21613219437054,190.50151706110256,187.3038696727816
624,138.66611807401782,92.00730050217327,76.61163860404271,195.22647621714978,190.5045605190683,187.27632917891987
625,138.6699160231253,91.99831202261889,76.63199983120226,195.22572002053866,190.50988190262802,187.30133968165057
626,138.6089589399502,92.00487403468793,76.58222559817699,195.23940624562385,190.51152499649908,187.3154926947673
627,138.64883740557877,92.0407857534709,76.60838924758409,195.25404471829341,190.520384633338,187.28412453904681
628,138.69605857281513,92.00339705447946,76.5564628433979,195.2785884329926,190.54540447182933,187.30596088316295
629,138.70158669873823,91.95830695868675,76.59764949149681,195.27918592167296,190.53365074919478,187.30827615179948
630,138.55329788580832,91.70458285858969,76.46911001392581,195.1904495168744,190.54562853008449,187.191775194884
631,138.6099506266616,91.75490568426383,76.46126091910368,195.21252859076694,190.54017644587591,187.21290202119218
632,138.6175887243111,91.76497024939866,76.44817909440013,195.20240862624283,190.52508052093543,187.27162395556178
633,138.70812761109002,91.86380132506224,76.49331138962738,195.2184287914858,190.51152499649908,187.2488073565794
634,138.71230535510824,91.89602059332405,76.52928640756214,195.2082528123979,190.5189655977221,187.2772067404192
635,138.75336540490358,91.92596109212137,76.5818036038317,195.21162302198573,190.51549269476732,187.29641040003733
636,138.7326665822678,91.9061906570452,76.55047052369498,195.21398496942538,190.50837884516642,187.30039676982682
637,138.76701692197324,91.93070852850572,76.54167194159598,195.23811791065677,190.49256406665734,187.28352705036642
638,138.7852259779719,91.97343545596489,76.53728320040511,195.22696167670262,190.49376837977874,187.2553237174999
639,138.79866649786894,91.96883571760138,76.52228130143057,195.2241982915558,190.49659711524995,187.2606451010596
640,138.79919399080052,91.99075832383846,76.55283369202853,195.24390608224806,190.5013490174112,187.32807730009802
641,138.8138371945816,91.9887538506984,76.57557918723889,195.2316388927788,190.50712785324185,187.3385146804836
642,138.8575347090349,92.04156644300966,76.62121787568047,195.22703636278766,190.52213042057602,187.30037809830557
643,138.8536945604929,92.05196860362071,76.59849348018737,195.25083321663632,190.55801708444196,187.2902114549783
644,138.88633582309998,92.04435160568849,76.61446596615605,195.2927694533912,190.5327545161742,187.31340148438593
645,138.91701481200153,92.08773262438284,76.65993585685952,195.26944872333473,190.5476450543808,187.27658124445688
646,138.98084145672448,92.1767312318015,76.71302274549521,195.29028614106335,190.53850534472295,187.2879895439481
647,138.98504030045999,92.18223825800735,76.72929062750559,195.29896839845026,190.5402324604397,187.29551416701676
648,138.85274507321603,92.08615014558805,76.51097185297716,195.2103907015824,190.563077066704,187.22413294123137
649,138.87200911507784,92.10127864286619,76.58644554162974,195.22298464267377,190.57059235401204,187.2845633197965
650,138.86658648774107,92.14575684685825,76.55192640418619,195.27786024366335,190.56038836764225,187.29688652382953
651,138.94967717432587,92.23606363674726,76.646537536397,195.26226952340943,190.57158194463895,187.30932175699016
652,139.14185339916446,92.40051483310124,76.84502257669747,195.26648928721468,190.57692199971993,187.3277318769547
653,139.07387011014052,92.38663121914166,76.78151242773347,195.27501283667087,190.5906642393689,187.32886150399105
654,139.01719626956998,92.371460522429,76.78229311727223,195.27929795080055,190.59167250151705,187.34832656490687
655,138.94864328817994,92.3166856564122,76.79265307844875,195.29429118237408,190.58085235494562,187.3602763385147
656,138.86983584419968,92.21418322994472,76.62140777313584,195.28475937076973,190.59113102740045,187.37023759510805
657,138.79906739249694,92.13847744440224,76.53747309786048,195.28972599542547,190.58438127246419,187.3403444895673
658,138.75283791197197,92.07760476009622,76.5014558804912,195.2948046492088,190.56837977874247,187.35419875834384
659,138.72737055323458,92.03994176478035,76.46505886821116,195.30971385893665,190.56357186201745,187.38100172711572
660,138.6979997468034,91.98911254589189,76.4550787019454,195.31247724408345,190.55773701162303,187.37887317369183
661,138.74363843524497,92.01702747183188,76.43437987930962,195.29647575036176,190.55693413620875,187.35095924940484
662,138.65198126345106,91.93651095075326,76.36677638519645,195.29525276571908,190.55143537319702,187.33696494421883
663,138.61516225682576,91.83569650166687,76.30927965565262,195.2951687438734,190.55792372683564,187.3285160808477
664,138.6073764611554,91.7722918512892,76.27549900831329,195.28326564906877,190.56738085235494,187.3699761938104
665,138.61271468962315,91.76437945731527,76.29427775667806,195.28982868879243,190.55746627456472,187.40127899920645
666,138.57610668017048,91.55587205131451,76.30387812803309,195.208402184568,190.54457358913317,187.26495822247117
667,138.63467949529476,91.58906190657045,76.32023040891252,195.21589880035475,190.55576716612987,187.26470615693412
668,138.65719289361522,91.6117019031945,76.32715111617505,195.2293329599029,190.5456005228026,187.28665453017786
669,138.71194665991476,91.64010212263156,76.31955521796007,195.23135881995987,190.5374037249685,187.24525043177894
670,138.7408743722834,91.700848208634,76.35449634974891,195.25409139709657,190.5279465994492,187.2916771693974
671,138.8023589483901,91.77923365826898,76.45176604633498,195.24684684684684,190.53988703729635,187.31217849974325
672,138.91275266911424,91.94786259864118,76.57735156348905,195.2565933809457,190.54340661905428,187.28713998973066
673,138.9937122842554,92.01810355741233,76.6546398278263,195.25853521915698,190.5430798674322,187.32382952901088
674,138.9274591720471,91.94752500316496,76.61986749377559,195.27279092564066,190.534733697428,187.3302058535219
675,138.95957294172257,92.0230197915348,76.63575558087521,195.2618400784204,190.55219156980814,187.31974046585447
676,138.92087606026078,92.00611891800649,76.57958813351901,195.29388040890632,190.54712225178545,187.33891611819072
677,138.9183651939064,91.97748660167954,76.55850951597249,195.29344162815664,190.54444288848433,187.33801054940952
678,138.8810186943495,91.95556399544246,76.49867071781239,195.28765345656538,190.55480558278487,187.34559118704198
679,138.88428915052538,91.98046166181373,76.54918344094189,195.3030574616067,190.5547869112636,187.35158474536712
680,138.91176098240282,92.03593281850023,76.53620711482466,195.32054334126872,190.55539373570463,187.33871073145684
681,138.90948221293834,92.01812465712959,76.52831582056801,195.3189749334827,190.55938010549409,187.32252252252252
682,138.92235304046926,92.01970713592438,76.50502173270878,195.31713578863838,190.55816645661204,187.34237968538486
683,138.89129425665695,92.02679664092501,76.45486770477275,195.30428044624935,190.56805302712038,187.35071651962843
684,138.91769000295395,91.9826982318437,76.66607587458329,195.28737338374643,190.62454371469914,187.35578583765113
685,138.9978478288391,92.097185297717,76.70485715491412,195.3050086355786,190.59545348457266,187.3487186668534
686,139.12328564797232,92.24228805334009,76.7661096341309,195.3640106427671,190.60881295803574,187.3718713532185
687,139.11389627378992,92.24344853778959,76.69382200278517,195.36713812257852,190.6026980348224,187.38052560332352
688,139.1079672532388,92.2216525298561,76.66662446723214,195.3353031788265,190.6197544694954,187.46639592960835
689,139.11723002911762,92.23437565936617,76.67955859391485,195.36580310880828,190.61813938290624,187.45066517294495
690,139.08450436764147,92.24530531290881,76.64020762121788,195.3631704243103,190.63672688232273,187.40974653409887
691,139.18036038317086,92.3480398362662,76.72028104823396,195.3553003780983,190.63658684591326,187.47462073472437
692,139.20812761109002,92.3498966113854,76.74433472591467,195.37158194463893,190.64051720113898,187.4576389861364
693,139.14662193526607,92.35274507321601,76.65949276279697,195.3553937357046,190.63977034028846,187.45108528217335
694,139.1076085580453,92.32352196480568,76.6044225007385,195.36193810390702,190.66921532931894,187.50657704336462
695,139.01586698738237,92.27429632442926,76.51687977381103,195.3791625822714,190.66920599355834,187.48779349297484
696,138.97434274380723,92.21770688272777,76.54941553783179,195.37500816879054,190.68413387480746,187.4485739625636
697,138.96337089083005,92.2270751571929,76.54665147487023,195.37984409279747,190.66623722167765,187.4697661391962
698,139.05289699118032,92.24458792252184,76.5109507532599,195.4,190.6632217709938,187.44783643747374
699,138.983922015445,92.16748955563996,76.48955563995442,195.4094571255193,190.66044905008636,187.41330345889932
700,138.9073511414947,92.04753766299531,76.42779676752332,195.4000280072819,190.65850721187508,187.45945945945945
701,138.84709034898933,91.99179220998438,76.41030510191163,195.3983475703683,190.6525696681137,187.47058768613172
702,138.78763134573995,91.61824281554627,76.29607123264549,195.17858376511225,190.53272650889232,187.16855715819446
703,138.7779254757986,91.69607967253239,76.36620669283032,195.1753815992158,190.52870279606032,187.26011296270363
704,138.85770350677302,91.76383086466642,76.41336456091489,195.19873967231482,190.51769593427625,187.23537319703124
705,138.8729164029202,91.79773811030933,76.40557876524454,195.23477570835084,190.51094617933995,187.23333800121364
706,138.8667974849137,91.79442545469891,76.43231210701776,195.22180833683424,190.49836157400924,187.2744246837511
707,138.87236781027136,91.8081824703549,76.42908385027641,195.24322457172198,190.50681977314102,187.26699341828876
708,138.82092669958223,91.82972528168122,76.38914208549606,195.24561452644355,190.50487793492974,187.251701442375
709,138.7884964341478,91.79917289108326,76.35550913617757,195.24490500863558,190.50039676982684,187.24012509919245
710,138.8387559606701,91.81352069882263,76.36979364476517,195.24940484525976,190.4952247584372,187.24275778369042
711,138.94731400599233,91.96385618432713,76.41098029286408,195.23795920272605,190.51662232180368,187.23919152312934
712,139.0877537241001,92.0671814997679,76.58849221420434,195.26660131634225,190.5089763338468,187.2856462680297
713,138.99280499641304,92.01141494703971,76.53772629446766,195.26209214395743,190.5046538766746,187.27788825094524
714,138.94362155547117,91.97351985483394,76.49710933873486,195.27218410119966,190.4915651402698,187.24970358959996
715,138.93233320673502,91.9562391863949,76.50768029708402,195.25158941324744,190.5066610652103,187.30827615179948
716,138.9264674853357,91.9741317466346,76.49350128708275,195.2551463380479,190.5055781169771,187.30964850861224
717,138.9237878212432,91.97695910874795,76.50529602903322,195.2764038650049,190.51921766325913,187.28699061756058
718,138.91847069249272,92.00324935645862,76.50839768747099,195.29065023572795,190.51625822713905,187.2981375157541
719,138.94851668987636,92.02658564375237,76.50662531122083,195.29056621388227,190.50872426830975,187.31364421416234
720,138.80693758703634,92.00449423977719,76.29898299362789,195.20230593287587,190.5442188302292,187.32136488820427
721,138.8112630290754,92.01382031480779,76.32622272861543,195.2157587639453,190.54473229706392,187.33594734631004
722,138.9579904629278,92.12948896484787,76.5073427016078,195.23583064930216,190.55319049619567,187.32804929281613
723,139.0935139469131,92.3394100519053,76.65282525214162,195.2209494468562,190.5523596134995,187.29169584091863
724,139.0674768958096,92.30976494914968,76.63818204836055,195.24655743826727,190.56129393642348,187.36510292676095
725,139.07287842342913,92.2929695742077,76.63609317635144,195.2447276291836,190.5578490407506,187.3774821453578
726,139.107102164831,92.31398489260243,76.65829007891294,195.26422069738132,190.55165009569154,187.3524436353452
727,139.1436890745664,92.36529940498798,76.6806346794953,195.2676375857723,190.54544181487188,187.35558978667788
728,139.1320420306368,92.34713254842386,76.67791281596827,195.25495962283526,190.56171404565188,187.3452737711805
729,139.15035658522177,92.37669325231042,76.66497868928556,195.25656537366382,190.54898006815105,187.34956822107083
730,139.21222095623918,92.43423218128878,76.75551757606448,195.26523829529012,190.5415207954068,187.39577090043412
731,139.22680086086845,92.45185044520403,76.77300924167616,195.27687065303647,190.54134341595483,187.3599215796107
732,139.1661813731696,92.37935181668566,76.69599527366333,195.29876301171637,190.55763431825608,187.37998412920692
733,139.12799088492216,92.33293243870533,76.65632780520741,195.32765719086962,190.56147131587545,187.40719787144658
734,139.04382411275688,92.26395746297,76.5537831793054,195.33843065863792,190.55945479157916,187.37999346496755
735,138.9809469553108,92.20219859053888,76.49139131535638,195.34292115950146,190.55600056014563,187.38061896092984
736,139.005359328185,92.27115246655694,76.58165590581086,195.30646501423703,190.57708070765065,187.43957428931523
737,139.00945267333418,92.21814997679031,76.54057475629827,195.344881669234,190.597899453858,187.4329925780703
738,138.83578090053592,91.81755074482002,76.34415748828965,195.21213648882042,190.59197124585725,187.29753069131309
739,138.860741866059,91.83455711693463,76.33805967000042,195.2295383466368,190.58314895206087,187.29247070905103
740,138.86264084061273,91.83105456386885,76.3716926193189,195.2366241889558,190.58939457592308,187.33475236894927
741,138.8645187154492,91.84738574503102,76.32649702493987,195.24052653689958,190.55360126966346,187.30750128366708
742,139.01588808709963,92.02122631556738,76.49299489386843,195.24657610978855,190.54370536339448,187.36497222611212
743,139.1104781195932,92.11201839895345,76.59383044267207,195.26076646594782,190.53720767399523,187.3567100779536
744,139.11760982402836,92.12647170527914,76.61741992657298,195.2637072305466,190.53898146851515,187.33712365214956
745,139.056230746508,92.08395577499262,76.57560028695616,195.25924473696494,190.54882136022033,187.38130980721655
746,138.97510233362874,91.99527366333291,76.49255179980588,195.25168277085376,190.55685011436307,187.36654063389815
747,138.88563953243028,91.94587922521838,76.4608389247584,195.24753769313355,190.57005087989543,187.33961630023805
748,138.85844199687725,91.96031143182681,76.44151158374478,195.25933809457126,190.55492694767307,187.35614993231573
749,138.885217538085,91.98727687048994,76.43775583407182,195.25776968678522,190.55221024132942,187.37127386453813
750,138.8990800523273,91.96320209309195,76.45201924294214,195.26891658497877,190.5585118797554,187.35417075106193
751,138.95149175001055,92.01116175043255,76.50478963581888,195.26630257200205,190.5532278392382,187.39214862530926
752,138.94149048402753,92.01820905599865,76.49546356078828,195.3294496569108,190.6165149605564,187.40818746207347
753,138.9122462758999,92.02247119888594,76.46995400261636,195.3138682724175,190.6083181627223,187.3994585258834
754,138.9216356500823,92.02002363168333,76.5149175001055,195.30905101993184,190.61225785370863,187.4155160341689
755,138.93919061484576,92.08222559817699,76.56511372747605,195.31474583391682,190.60324884469964,187.44066657330907
756,138.79600793349368,91.98603198717137,76.55266489429042,195.18835830649303,190.53877608178126,187.2027540493862
757,138.89834156222307,92.10640587416128,76.59651010676457,195.2363254446156,190.5257620314615,187.24215095924941
758,138.90384858842893,92.1520234628856,76.56490273030342,195.24060122298465,190.51919899173785,187.23613872940297
759,138.92486390682365,92.20135460184834,76.612862387644,195.22887550763198,190.50578350371097,187.25990757596975
760,139.0045364392117,92.23475545427691,76.72266531628476,195.266227885917,190.53533118610838,187.30017271157166
761,139.05574545301093,92.28294720850741,76.72452209140397,195.28626242823134,190.53091537132988,187.31630490594222
762,139.17605604084906,92.40922901633118,76.85903278896063,195.27446202679363,190.5403724968492,187.21656163935955
763,139.2137823353167,92.42878845423472,76.85320926699582,195.28076366521964,190.52241049339494,187.2589366568641
764,139.24754188293878,92.45910874794278,76.84998101025447,195.30287074639406,190.53483639079494,187.28222004387808
765,139.15369034054945,92.4151580368823,76.75570747351985,195.24877934929748,190.49710124632404,187.22908089436586
766,139.17546524876568,92.43682744651221,76.75534877832636,195.25130000466788,190.49557951734118,187.2380058815292
767,139.15997805629405,92.43132042030636,76.77533021057518,195.25149605564113,190.4913504177753,187.26673201699109
768,139.14280288644133,92.4286829556484,76.75864033421952,195.2365121598282,190.50250665172945,187.26666666666668
769,139.10695446681015,92.38589272903744,76.72361480356163,195.24213228772814,190.50361760724456,187.27960603090136
770,139.10672236992025,92.37080643119383,76.688209477993,195.23612005788172,190.5113476170471,187.28673855202354
771,139.05312908807022,92.31666455669495,76.66213022745495,195.240591887224,190.5155207020492,187.27291229052886
772,139.0709794488754,92.31949191880828,76.71207325821834,195.25321383559725,190.50808943658686,187.31425103860337
773,139.02654344431784,92.26336667088661,76.64913280162045,195.23039723661486,190.51338281286468,187.34884936750223
774,138.9532219268262,91.94967717432587,76.48440730894205,195.16347850441116,190.52829202259255,187.248994071792
775,139.0125332320547,91.99523146389838,76.52405367768073,195.19299817952668,190.51887224011577,187.27167997012558
776,139.1344262986876,92.08815461872811,76.65200236316834,195.20983055594454,190.5283106941138,187.26420202586004
777,139.1435202768283,92.11830611469806,76.68578301050766,195.12338141250058,190.44763105073986,187.19926247491014
778,139.15921846647254,92.12227286154365,76.69278811663924,195.12849740932643,190.46818839564955,187.22495448816693
779,139.13394100519054,92.08813351901084,76.6556315145377,195.1351538066564,190.46329645707885,187.2371936703543
780,139.109022239102,92.07585348356332,76.65417563404651,195.1293282920226,190.4619894505905,187.24921813004715
781,139.07891294256657,92.05762332784741,76.63440519897033,195.16649395509498,190.44514773841198,187.2378938524016
782,139.06454403510992,92.03432923998818,76.6336667088661,195.13928021285534,190.4655650469122,187.23973299724594
783,139.00331265561042,91.95564839431151,76.55374097987087,195.12647154926947,190.47206273631144,187.25695747561033
784,139.11045701987592,92.02236570029962,76.64373127400093,195.17511086215748,190.4977827568501,187.24149745600522
785,139.13862514242308,92.00768029708402,76.64552474996835,195.18464267376186,190.48909116370257,187.24176819306354
786,139.1061104781196,91.95509980166266,76.59368274465122,195.16889324557718,190.50791205713486,187.22247117583905
787,139.1170612313795,91.94206017639364,76.59292315482972,195.1955841852215,190.52797460673108,187.27387387387387
788,139.11113221082837,91.97387855002744,76.56559902097312,195.20596555104328,190.5275825047846,187.29818419455725
789,139.09285985567794,91.94408574925096,76.50179347596742,195.2172244783644,190.53420155907202,187.30563413154087
790,139.07823775161413,91.9697008060092,76.51595138625143,195.204985296177,190.53240909303085,187.36869719460393
791,139.04538549183442,91.98375321770688,76.50740600075959,195.2363534518975,190.519068291089,187.31016197544696
792,139.1233489471241,91.84029624003038,76.55420517365067,195.2034262241516,190.57171264528776,187.33165289641974
793,139.11225049584337,91.88506984006415,76.57798455500696,195.22294729963124,190.5689866031835,187.31646361387294
794,139.10790395408702,91.89230704308562,76.54730556610541,195.23889277878916,190.55672874947487,187.32249451524063
795,139.0954551209014,91.92184664725492,76.49696164071402,195.23764178686457,190.56554170751062,187.30311347617047
796,139.1110689116766,91.94070979448875,76.49601215343715,195.2485739625636,190.54982028660785,187.33859870232928
797,139.1062792758577,91.959847238047,76.46343418998185,195.23745507165196,190.54677682864212,187.36338514680483
798,139.1132210828375,92.01044436004558,76.46630375152974,195.25954348130514,190.5700322083742,187.33112075806378
799,139.13900493733385,92.02937080643119,76.50854538549183,195.27875647668392,190.5563179760071,187.31877888250946
800,139.14018652150062,92.03289445921425,76.49981010254463,195.2764878868506,190.54938150585818,187.34397610045278
801,139.12740009283877,92.09997046039584,76.47197957547368,195.27730943378612,190.55427344442887,187.32838538019885
802,139.13229522724396,92.12246275899903,76.48763556568342,195.26140129767072,190.5614246370723,187.3498949726929
803,139.12640840612735,92.13136683968435,76.47993416888214,195.2536432805863,190.56495355459086,187.35681277132053
804,139.1329704181964,92.17390386968815,76.51084525467358,195.2744246837511,190.55486159734863,187.3400830882696
805,139.13974342743808,92.17559184706926,76.54956323585264,195.27252952434299,190.53816925734023,187.33245577183402
806,139.10208043212222,92.18055028062624,76.5476009621471,195.2537086309107,190.54214629136908,187.3459926247491
807,139.08642444191247,92.14906950246866,76.51092965354265,195.2498996405732,190.5323624142277,187.35243429958456
808,139.08562265265647,92.12974216145504,76.50044309406253,195.22643887410726,190.56320776735285,187.41512393222237
809,139.065831117863,92.0928809553952,76.49109591931469,195.2676095784904,190.5510339354899,187.4176819306353
810,138.87667215259316,91.77007638097649,76.31812043718614,195.1243710031275,190.4748167856976,187.1784157214209
811,138.88295986833776,91.78128033084357,76.32544203907668,195.16539233534053,190.49874434019512,187.2481258460533
812,138.88127189095667,91.79385576233278,76.31803603831709,195.17521355552444,190.48932455771833,187.2283713765579
813,138.9023927079377,91.8052707093725,76.35369456049288,195.17663259114036,190.48605704149745,187.22876347850442
814,139.05350888298096,91.91228847533444,76.5032071570241,195.17615646734816,190.49463660551743,187.28867105447415
815,139.05082921888848,91.90610625817614,76.47303456133687,195.1899080427578,190.49397376651262,187.2952901087616
816,139.0712537451998,91.9300755369878,76.50540152761953,195.19919712458574,190.4887457405592,187.25632264388742
817,139.0844832679242,91.94448664387897,76.52342068616281,195.21838211268263,190.4746580777669,187.2562853008449
818,139.04686247204287,91.94716630797147,76.4454572308731,195.2226952340942,190.4853195164076,187.233860803809
819,139.0430012237836,91.95680887876102,76.4312993205891,195.22712972039398,190.4868225738692,187.20847687065304
820,139.10011815841668,91.9553107988353,76.46908891420856,195.22641086682538,190.4894926014097,187.24588526350183
821,139.05787652445457,91.91800649871291,76.44026670042622,195.21439574289315,190.49848293889744,187.31117023759512
822,139.09125627716588,91.9523990378529,76.48529349706713,195.2100546141997,190.50353358539888,187.3035429211595
823,139.1223572604127,91.94733510570958,76.4826982318437,195.22405825514633,190.49836157400924,187.2971759324091
824,139.10311431826813,91.8983837616576,76.41762670380217,195.2377724875134,190.49312421229519,187.29948186528497
825,139.11452926530785,91.88770730472211,76.38051230113517,195.2332073005648,190.48550623162023,187.30821080147504
826,139.1334346119762,91.90749883951555,76.38874119086805,195.23451430705316,190.4968771880689,187.32516454278112
827,139.11332658142382,91.92883065366924,76.3851542389332,195.24999299817952,190.483461700042,187.31024599729264
828,139.1829134489598,91.80826686922396,76.43241760560409,195.24108668253746,190.60244596928536,187.2738832096345
829,139.20164999789003,91.87823353167067,76.43604675697345,195.2987069971526,190.53713298791018,187.28879241936238
830,139.17698442840867,91.93153141747901,76.37494197577753,195.2940297810764,190.53208234140877,187.28689725995426
831,139.1872810904334,91.9677174325864,76.37203021479512,195.30358959996266,190.53447229613033,187.2599169117304
832,139.3037515297295,92.04458370257838,76.48425961092121,195.30931242122952,190.53008448863372,187.31229986463148
833,139.2802675444149,92.05625184622527,76.50451533949445,195.2849274144611,190.55318116043506,187.35279839424916
834,139.3082246697894,92.11817951639448,76.59511752542515,195.28151052607012,190.56285300844885,187.3037483078934
835,139.37878212431954,92.1979364476516,76.6795796936321,195.29502870746393,190.5728609438454,187.3291789198525
836,139.317149850192,92.15166476769211,76.64755032282568,195.30129300284742,190.575502964104,187.32018858236475
837,139.272756045069,92.15352154281133,76.62229396126092,195.2964850861224,190.58825561312608,187.29740932642488
838,139.24463012195636,92.13429970038402,76.54724226695362,195.29863231106754,190.58514680483592,187.30901367688932
839,139.24043127822088,92.10902223910199,76.55994429674642,195.30175045511834,190.59839424917146,187.3440041077347
840,139.21608220449846,92.0894417014812,76.52951850445204,195.28548756009897,190.60224058255147,187.35429211595016
841,139.19306241296366,92.07834325020045,76.55146221040638,195.2851701442375,190.59218596835177,187.37335573915885
842,139.1859307085285,92.09231126302907,76.55080811917121,195.30811744386875,190.5777248751342,187.36314241702843
843,139.2012702029793,92.09695320082712,76.54148204414061,195.308490874294,190.5832143023853,187.33102740045746
844,139.19259821918385,92.09760729206229,76.55359328185003,195.3080801008262,190.57456938804089,187.3682957568968
845,139.21663079714733,92.11887580706419,76.54584968561421,195.32800261401297,190.58136582178034,187.33069131307474
846,138.9608389247584,91.93564586234544,76.4198843735494,195.20920505998225,190.60365028240676,187.27156794099798
847,138.9861374857577,91.9313626197409,76.44655441617083,195.24309387107314,190.57887317369182,187.29350697848108
848,138.99217200489514,91.92036966704646,76.42294383255265,195.24591327078375,190.57968538486674,187.2820426644261
849,139.02823142169896,91.94191247837279,76.4498881714985,195.25126266162536,190.58809690519536,187.26764692153293
850,138.99128581677004,91.93792463180993,76.43952821032198,195.25645334453625,190.57723007982077,187.30452317602575
851,138.991602312529,91.93967590834283,76.42990673924969,195.26041170704383,190.5783503710965,187.31448443261914
852,138.9814111490906,91.92342912604971,76.41509473773051,195.29124772440835,190.56018298090837,187.2986789898707
853,138.9702915980926,91.90870152339959,76.43119382200278,195.3178359706857,190.54257573635812,187.28004481165104
854,138.92804996413048,91.88496434147783,76.37825463138795,195.2731643560659,190.51679970125565,187.29530878028288
855,138.90872262311686,91.8790353209267,76.3478077393763,195.27332306399663,190.52258787284694,187.28525416608318
856,138.90988310756637,91.8758281639026,76.38623032451365,195.2659571488587,190.53595668207066,187.33067264155346
857,138.88709541292147,91.87230451111955,76.39749757353252,195.26350184381272,190.53437893852401,187.32399757270224
858,138.8941849179221,91.84504367641473,76.35154238933198,195.25612659291417,190.541035335854,187.32153293189563
859,138.92022196902562,91.82113769675486,76.33727898046166,195.28509545815245,190.52745180413575,187.31986183074267
860,138.9359201586699,91.80767607714057,76.34038063889943,195.2915651402698,190.52639686318443,187.3166970078887
861,138.94372705405746,91.81090433388192,76.31337300080179,195.27591840545207,190.53132614479765,187.3422396489754
862,138.95765286745157,91.8086466641347,76.29442545469891,195.2759277412127,190.524763105074,187.35188348970732
863,138.96465797358314,91.79334936911846,76.320589104106,195.29086495822247,190.51946039303553,187.3347056901461
864,139.04774866016794,91.65679199898722,76.20662953116428,195.22210708117444,190.5405312047799,187.24950753862672
865,139.04087015233995,91.68487572266531,76.24271004768536,195.22499183120945,190.53219437053633,187.2756476683938
866,139.06026079250537,91.69270371777019,76.23631683335444,195.22937963870606,190.53106474349997,187.28208934322925
867,139.0659577161666,91.71422542937924,76.25458918850488,195.2303505578117,190.526508892312,187.28963263781915
868,139.2493775583407,91.89477571000549,76.41121238975397,195.24810717453204,190.51765859123373,187.27570368295756
869,139.25902012913028,91.88551293412668,76.4433050597122,195.2434953087803,190.52792792792792,187.27981141763524
870,139.29801240663375,91.92636198674938,76.46495336962485,195.2428418055361,190.52705970218923,187.27060635765298
871,139.3154618728109,91.97550322825674,76.4689412161877,195.23787518088037,190.5279185921673,187.27938197264623
872,139.309870447736,91.96695784276491,76.47423724522092,195.24606264295383,190.52570601689771,187.27449936983615
873,139.29275857703507,91.95448790986201,76.42817656243406,195.2487513420156,190.52212108481538,187.28000746860852
874,139.28419209182596,91.97248596868802,76.42418871587121,195.24998366241888,190.51881622555197,187.290724921813
875,139.32698231843693,92.00698400641431,76.46109212136557,195.2516640993325,190.52213975633666,187.28911917098446
876,139.3230999704604,92.04076465375364,76.48020846520657,195.25209354432153,190.52657424263643,187.28131447509685
877,139.33525340760434,92.08102291429294,76.53350635101489,195.2726508892312,190.50308546888857,187.27504084395275
878,139.36456091488375,92.14185339916445,76.54627167995949,195.2752649022079,190.5166596648462,187.25162675628997
879,139.36943494957168,92.13575558087521,76.60813605097691,195.2618960929842,190.5177426130794,187.27560098959063
880,139.3172131493438,92.14824661349537,76.5931763514369,195.24376604583858,190.5330252532325,187.32907622648554
881,139.32993627885386,92.14016542178335,76.59167827151116,195.25960883162955,190.53056994818652,187.30959249404845
882,139.1419377980335,91.86086846436258,76.29309617251128,195.12563133081267,190.49204126406198,187.1640666573309
883,139.12710469679706,91.8863780225345,76.2881377389543,195.126508892312,190.51187041964243,187.21554404145078
884,139.12737899312148,91.90669705025952,76.29883529560703,195.15002567334173,190.50941511459646,187.22658824627737
885,139.09001139384733,91.90513567118201,76.31252901211124,195.15122065070253,190.50513000046678,187.21435839985062
886,139.09598261383297,91.89410051905304,76.28379119719796,195.17034028847502,190.50242262988377,187.26656397329972
887,139.07986242984344,91.88559733299574,76.26910579398236,195.1711805069318,190.52186901927834,187.27759884236568
888,139.06201206903827,91.87595476220619,76.24762628180783,195.173757176866,190.53987770153574,187.22793259580826
889,139.10229142929484,91.87141832299447,76.30676878929822,195.17837837837837,190.53780516267562,187.2537086309107
890,139.10864244419125,91.84917922099844,76.29756931257121,195.1663819259674,190.54679550016337,187.25846053307194
891,139.09336624889227,91.82594843229101,76.26636283073807,195.1605564113336,190.5407739345563,187.2607571301872
892,139.11073131620037,91.90813183103346,76.29567033801747,195.18046958875973,190.5189095831583,187.30776268496476
893,139.15419673376377,91.86496180951175,76.30347723340508,195.20683377678196,190.53823460766466,187.28942725108527
894,139.19375870363336,91.91085369456049,76.3663332911339,195.18996405732156,190.54279045885264,187.30286141063343
895,139.22958602354728,91.92661518335655,76.43667974849137,195.20860757130188,190.5341362087476,187.29503804322457
896,139.24794277756678,91.89464911170191,76.45161834831413,195.19489333893478,190.55236894926014,187.3045045045045
897,139.18671139806727,91.8746676794531,76.39935434865173,195.20149372170098,190.53548989403913,187.28896046305374
898,139.1841794319956,91.8680845676668,76.40192851415792,195.2137795826915,190.5327825234561,187.289763338468
899,139.18964425876692,91.87523737181922,76.38848799426087,195.19765672408158,190.54407879381972,187.30808943658684
900,139.1769633286914,91.78659745959403,76.3931932312107,195.2163935956682,190.616449610232,187.24729496335715
901,139.20515255095583,91.82698231843693,76.38500654091236,195.27826168137048,190.5561032535126,187.24840591887224
902,139.25269021395113,91.9141663501709,76.4830991264717,195.2864304719227,190.53804789245203,187.210325351258
903,139.20004641937797,91.93072962822298,76.48632738321307,195.27471409233067,190.53426690939645,187.2202305932876
904,139.29807570578555,91.99073722412119,76.55367768071908,195.24260841152034,190.5404751902161,187.30794006441675
905,139.32609613031187,91.99983120226189,76.57270962569102,195.25685478224338,190.5407739345563,187.27461139896374
906,139.26731231801494,92.00179347596742,76.54833945225134,195.23878074966157,190.54467628250012,187.23133081267795
907,139.30873106300376,92.01460100434655,76.55785542473731,195.2542220977454,190.53133548055828,187.2691406432339
908,139.3121492172005,92.01932734101364,76.57811115331054,195.25093591000328,190.5378331699575,187.2943845399804
909,139.29484744904417,92.00993796683125,76.52023462885597,195.27158661251926,190.52427764552118,187.2628670120898
910,139.35628982571635,92.05032282567413,76.48949234080263,195.29531811604352,190.5309527143724,187.3076599915978
911,139.36205004852934,92.04266362830738,76.50791239397392,195.2904821920366,190.5482425430612,187.31075946412733
912,139.4255390977761,92.10486559480103,76.55152550955818,195.30671707977407,190.53787984876067,187.29385240162443
913,139.45571169346331,92.19080474321645,76.63993332489345,195.30718386780563,190.54059655510432,187.30554077393455
914,139.46628265181246,92.184770224079,76.56401654217834,195.31151566073845,190.54414414414416,187.3090323484106
915,139.41606532472466,92.21118707009326,76.5022787694645,195.30473789852027,190.5434346263362,187.29189189189188
916,139.43110942313373,92.23614803561632,76.49757353251466,195.30484059188723,190.53460299677917,187.34399477197405
917,139.42931594716632,92.22637886652319,76.46820272608348,195.3076506558372,190.531316809037,187.3264528777482
918,139.2740853272566,92.15130607249863,76.43579356036629,195.1736358119778,190.50734257573635,187.19400644167484
919,139.28442418871586,92.18671139806726,76.43070852850572,195.19472529524344,190.50095691546468,187.18479204593194
920,139.31911212389753,92.2313794995147,76.43452757733047,195.196760491061,190.4957008822294,187.205162675629
921,139.35365236105835,92.30176815630671,76.47349875511668,195.2017177799561,190.4847500350091,187.22080007468608
922,139.31641136008778,92.29780140946112,76.44488753850699,195.1879008542221,190.48276151799467,187.2527470475657
923,139.31328860193273,92.25893573026121,76.42144575262691,195.1955561779396,190.48074499369835,187.2567054100733
924,139.25634046503777,92.23621133476811,76.40081022914293,195.187928861504,190.47951267329506,187.24460626429538
925,139.21825547537662,92.17704772756045,76.35329366586488,195.20403304859263,190.46703076133127,187.23582131354152
926,139.14303498333123,92.10642697387856,76.27393762923577,195.2156093917752,190.46156000560146,187.23327265088923
927,139.0842511710343,92.03867578174453,76.21152466556948,195.20042944498903,190.46263361807402,187.2421229519675
928,139.08479976368318,92.03057349031523,76.21629320167109,195.20649768939924,190.48879241936237,187.29836157400925
929,139.10011815841668,91.98892264843651,76.22958602354728,195.19938383979834,190.4942631750922,187.283816458946
930,139.127020297928,92.0148542009537,76.24112756889058,195.19113102740044,190.50160108294824,187.25474490034077
931,139.084145672448,91.9941764780352,76.19702915980926,195.17848107174532,190.50739859030014,187.34561919432386
932,139.09600371355023,92.0046630375153,76.20394986707178,195.1844839658311,190.51544601596416,187.3203192830136
933,139.11699793222772,91.98970333797527,76.25007384901042,195.17723007982076,190.51735984689353,187.33472436166736
934,139.14522935392665,92.06661180740178,76.32744651221674,195.19239135508565,190.5041404098399,187.3183120944779
935,139.14164240199182,92.0762121787568,76.31390049373339,195.20815011903096,190.4858049759604,187.31797600709518
936,139.08631894332615,91.83221504831835,76.29925728995231,195.16503757643653,190.55113662885682,187.28292956168605
937,139.13119804194625,91.90760433810188,76.25416719415959,195.188713065397,190.54774774774774,187.2918358773281
938,139.15782588513315,91.93870532134869,76.27727138456345,195.1994865331653,190.53938290622227,187.30105960883162
939,139.16974722538717,92.00187787483648,76.33565430223236,195.18992671427904,190.5466834710358,187.29669047285628
940,139.18111997299235,92.01898974553741,76.3159260665907,195.19665779769406,190.5430798674322,187.31004994631937
941,139.18206946026922,91.99149681394269,76.30531290880702,195.2198758343836,190.55045511833077,187.3367782290062
942,139.18031818373635,91.98542009537073,76.29172469088914,195.2327778555758,190.54841058675257,187.3145031041404
943,139.20542684728025,92.02046672574588,76.33493691184538,195.22774588059562,190.53295056714745,187.33753442561732
944,139.20460395830696,92.03251466430349,76.33168755538676,195.21592680763666,190.55155673808522,187.33521915698083
945,139.24929315947168,92.09260665907077,76.32413385660632,195.22720440647902,190.5429024879802,187.28798020818746
946,139.2660041355446,92.12446723213908,76.31248681267671,195.23042524389675,190.55607524623068,187.3133267983009
947,139.25921002658563,92.13784445288434,76.30299193990801,195.23678289688652,190.5467114783177,187.31602483312327
948,139.26513904713676,92.12651390471368,76.29537494197578,195.25880595621527,190.57435466554637,187.33397750081687
949,139.2829050090729,92.15651770266278,76.35489724437693,195.276375857723,190.54490034075528,187.33422023059327
950,139.2655821411993,92.22420559564502,76.33272144153268,195.2837884516641,190.53800121364887,187.3464127339775
951,139.2627336793687,92.22709625691016,76.28655526015952,195.28338701395697,190.53899080427578,187.34507772020726
952,139.346984850403,92.29936278853863,76.38028020424527,195.2959436120058,190.53489240535873,187.3799467861644
953,139.32837489977635,92.28379119719796,76.3496645144955,195.2933015917472,190.53731970312282,187.3620874760771
954,139.1543444317846,92.23813140903911,76.40424948305693,195.19055221024132,190.47959669514074,187.2021565607058
955,139.18987635565682,92.26207958813352,76.40422838333966,195.21264995565514,190.47467674928814,187.20639499603232
956,139.21639870025743,92.2947841498924,76.39281343629996,195.21428371376558,190.47464874200625,187.21568407786023
957,139.28520487825463,92.40026163649406,76.42452631134742,195.21283667086777,190.49077160061617,187.21890491527796
958,139.27370553234587,92.39222264421657,76.41530573490316,195.2251225318583,190.48696261027868,187.24347663725902
959,139.31987171371904,92.40846942650968,76.40015613790776,195.20836484152545,190.48445129066891,187.25823647481678
960,139.3196607165464,92.39996624045237,76.3462885597333,195.22908089436586,190.4810250665173,187.2281846613453
961,139.3299151791366,92.4139975524328,76.37846562856058,195.24975960416376,190.47999813284787,187.27429398310227
962,139.3510148964004,92.38969067814492,76.40218171076508,195.240769266676,190.48530084488632,187.27272557531626
963,139.33839726547663,92.4086382242478,76.3961049921931,195.2390888297624,190.50049946319376,187.2442795126733
964,139.32476684812423,92.35641642401991,76.36743047643162,195.23621341548804,190.5088829762405,187.2868505811511
965,139.33257374351183,92.35415875427269,76.39549310039246,195.2608598235541,190.5082294729963,187.25725621995053
966,139.3027598430181,92.35044520403427,76.4000717390387,195.2415161275265,190.5114316388928,187.2630443915418
967,139.34546567076,92.35156348904924,76.39500780689539,195.2632777855576,190.49020211921766,187.2763105073986
968,139.34964341477823,92.35738701101405,76.41825969532009,195.26677869579424,190.4935163142417,187.24823787518088
969,139.36063636747267,92.35040300459974,76.39876355656834,195.27994211828408,190.49066890724922,187.20716052840405
970,139.32550533822848,92.30045997383635,76.33139215934507,195.2933949493535,190.50656770760398,187.26146664799515
971,139.29206228636536,92.26708022112504,76.30778157572689,195.273491107688,190.52042197638053,187.2545768566494
972,139.31425918892685,91.99261509895767,76.39948094695531,195.22892218643514,190.57227279092564,187.2622601876488
973,139.33367092880957,92.05017512765329,76.35972907963033,195.26018764878867,190.53127013023385,187.2515800774868
974,139.35664852090983,92.08971599780563,76.32400725830274,195.27997012556597,190.51617420529337,187.25084255239696
975,139.32713001645777,92.11735662742119,76.23673882769971,195.27179199925314,190.52072072072073,187.25228025953413
976,139.32265687639784,92.13048065155927,76.24085327256614,195.27176399197126,190.5494188489007,187.31088082901553
977,139.40591636072077,92.14522935392665,76.30503861248259,195.28291089016477,190.55978154320124,187.36729683050928
978,139.4860741866059,92.26746001603578,76.37783263704266,195.28776548569294,190.56897726742287,187.29332026326844
979,139.44914968139426,92.24733088576613,76.36340043043423,195.28645847920458,190.5671848013817,187.3088549689586
980,139.41937798033507,92.25216272101954,76.34531797273917,195.29368435793307,190.5698921719647,187.3038136582178
981,139.39724437692536,92.26522344600582,76.34930581930202,195.2989123838865,190.55793306259628,187.27696401064276
982,139.406654850825,92.27277714478626,76.37217791281597,195.29265742426364,190.56879988797087,187.32306399663912
983,139.42391441954678,92.30704308562265,76.41473604253703,195.2936656864118,190.57166596648463,187.31387760817813
984,139.45596489007048,92.3394733510571,76.3795628138583,195.30038743406618,190.58329832423098,187.26688138916117
985,139.47676921129258,92.36525720555345,76.44140608515846,195.29197591373756,190.57053633944827,187.3346496755823
986,139.4898510359961,92.38570283158205,76.42307043085623,195.31475516967745,190.5425944078794,187.30977920926108
987,139.4649111701903,92.38002700763809,76.42015866987383,195.30460719787143,190.56122858609905,187.29727862577604
988,139.48063045955183,92.39021817107651,76.4322910073005,195.29017411193578,190.55373197031227,187.32903888344302
989,139.47347765539942,92.40821622990252,76.43151031776175,195.29238668720535,190.55263968631843,187.34128740139104
990,139.45569059374606,92.49700384014854,76.44149048402751,195.20396769826823,190.5888624375671,187.26590113429492
991,139.543992910495,92.54650377684939,76.54629277967675,195.2300798207534,190.56878121644962,187.25762031461514
992,139.6073342617209,92.61227159556061,76.59488542853526,195.2343742706437,190.57361714045652,187.30215189282546
993,139.67649913491158,92.68801958053763,76.63379330716968,195.2507305232694,190.56908929655043,187.25114129673716
994,139.66417690002953,92.68038148288812,76.55680043887412,195.28429258273817,190.5843906082248,187.2902114549783
995,139.6757817445246,92.69097354095454,76.5936405452167,195.2775708350838,190.58052560332354,187.29286281099752
996,139.66934633075917,92.67955859391485,76.57733046377179,195.27837371049807,190.58060028940858,187.28177192736777
997,139.616301641558,92.64379457315272,76.48860615267755,195.28729869766138,190.5631330812678,187.287840171778
998,139.7415706629531,92.78043634215301,76.65478752584715,195.28103440227792,190.55659804882603,187.29890304812585
999,139.66917753302107,92.76541334346119,76.60258682533654,195.26441674835456,190.564216029501,187.30405638799422
1000,139.62069038274888,92.65419673376377,76.52565725619277,195.26317509219064,190.57332773187696,187.34249171451245
1001,139.57019875933662,92.58823901759716,76.43275520108031,195.2771227185735,190.57689399243804,187.3347056901461
1002,139.5400894628012,92.56612651390472,76.40977760898004,195.28706530364562,190.56360920505998,187.29923913550857
1003,139.49099042072837,92.4895134405199,76.36325273241339,195.27294029781078,190.5717499883303,187.33616206880455
1004,139.4695320082711,92.46075452588936,76.39629488964847,195.28163189095832,190.5652616346917,187.31757456938803
1005,139.4100308055872,92.4010001265983,76.36618559311306,195.27867245483824,190.57939597628717,187.2944498903048
1006,139.37479427775668,92.38764400557032,76.33367092880955,195.28338701395697,190.56380525603325,187.32147691733184
1007,139.39777186985694,92.37441448284594,76.39753977296704,195.28665453017786,190.57330906035568,187.3051019931849
1008,139.3249567455796,92.09450563362451,76.3245558509516,195.18480138169258,190.52356812771322,187.2591700508799
1009,139.3474490441828,92.1574460902224,76.36112166096974,195.19423049992997,190.5176865985156,187.2762544928348
1010,139.36983584419968,92.18951766046335,76.33911465586361,195.18603370209587,190.51358819959856,187.2975960416375
1011,139.47090348989323,92.2668692239524,76.4156855298139,195.2018298090837,190.5045978621108,187.26197077906923
1012,139.5056547242267,92.29003671350804,76.42503270456176,195.19879568687858,190.51073145684543,187.24829388974467
1013,139.54357091614972,92.30733848166435,76.44003460353632,195.2130047145591,190.4949540213789,187.2663492508052
1014,139.56416424019918,92.32244587922521,76.41501033886146,195.22285394202493,190.49112635952014,187.25015170611024
1015,139.5733004177744,92.33255264379457,76.41129678862303,195.2332633151286,190.49659711524995,187.2654156747421
1016,139.54905684263832,92.32202388487994,76.3452335738701,195.2412733977501,190.50640899967325,187.2468001680437
1017,139.51291302696544,92.32069460269233,76.37399248850065,195.2469495402138,190.50596088316294,187.25635998692994
1018,139.4636451871545,92.29659872557708,76.36084736464531,195.2337394389208,190.49611165569715,187.29627036362788
1019,139.4638139848926,92.30318183736338,76.3820103810609,195.23433692760116,190.50543808056761,187.31316809037017
1020,139.4307085285057,92.30875216272102,76.4122462758999,195.2411520328619,190.49789478597768,187.31632357746346
1021,139.4930159935857,92.36422331940751,76.36141705701144,195.23844466227885,190.52326004761238,187.25726555571114
1022,139.5277250284846,92.39646368738659,76.39435371566022,195.2458479204593,190.51216916398263,187.26276431872287
1023,139.5043676414736,92.38167278558467,76.36500400894629,195.23443028520748,190.5213182094011,187.26932735844653
1024,139.5582141199308,92.41669831624256,76.40870152339959,195.24931148765344,190.52096345049713,187.29219997199272
1025,139.55696923661222,92.45282103219817,76.45393931721316,195.24779909443123,190.51959109368437,187.27590906969147
1026,139.51080305523905,92.35487614465966,76.44921298054606,195.14521775661672,190.5448163189096,187.23471969378704
1027,139.51871544921298,92.38338186268304,76.41583322783475,195.1887410726789,190.5275264902208,187.27177332773186
1028,139.55177870616535,92.39498670717812,76.45026796640926,195.18049759604165,190.53040190449516,187.26920599355833
1029,139.53546862472044,92.40051483310124,76.47510233362873,195.16887457405593,190.53330532605145,187.28799887970874
1030,139.59431573616914,92.44140608515846,76.44834789213824,195.19295150072352,190.53543387947533,187.25459552817065
1031,139.62024728868633,92.45908764822552,76.46862472042875,195.2115296643794,190.5195724221631,187.28611305606125
1032,139.63231632696122,92.52266109634131,76.50487403468793,195.2172058068431,190.50717453204498,187.27565700415443
1033,139.67483225724774,92.57519939232814,76.54532219268262,195.2169070625029,190.5124025579984,187.27924193623676
1034,139.67284888382497,92.58066421909946,76.5246444697641,195.2290342155627,190.5103953694627,187.297456005228
1035,139.642697387855,92.61442376672153,76.52688103979406,195.23840731923633,190.50065817112448,187.3004154413481
1036,139.71420432966198,92.65181246571296,76.55637844452885,195.23919152312934,190.51170237595107,187.2869719460393
1037,139.7339958644554,92.69114233869266,76.55880491201418,195.23013583531718,190.51037669794147,187.30667040097092
1038,139.73635903278895,92.74195045786387,76.55859391484154,195.23937823834197,190.50901367688934,187.3105354058722
1039,139.75849263619867,92.75209942186774,76.62258935730262,195.24378471735986,190.50925640666574,187.31736918265415
1040,139.74034687935182,92.7305144111069,76.61448706587332,195.23302992111283,190.51343882742847,187.31856416001494
1041,139.72338270667174,92.71249525256361,76.59623581044013,195.2354198758344,190.51715446015965,187.31830275871727
1042,139.72435329366587,92.7067350297506,76.56732919778875,195.247070905102,190.51328011949772,187.29610231993652
1043,139.7263788665232,92.70274718318774,76.57733046377179,195.37000420109229,190.63807123185362,187.4068151052607
1044,139.52607925053803,92.3172131493438,76.410494999367,195.34348130513933,190.6297530691313,187.3619100966251
1045,139.57612777988774,92.43942271173566,76.47193737603916,195.37713672221443,190.59188722401157,187.36966811370957
1046,139.67365067308097,92.53032029370806,76.56376334557118,195.37581104420482,190.60278205666808,187.34972692900155
1047,139.59805038612484,92.44328395999493,76.49134911592185,195.3646921532932,190.60827148391914,187.32856275965085
1048,139.60222813014306,92.45934084483268,76.4900409334515,195.3901787798161,190.65284974093265,187.45141203379546
1049,139.68200616111744,92.46134531797274,76.58766932523105,195.3862484245904,190.6417028427391,187.42915558045092
1050,139.6935055070262,92.46486897075579,76.53407604338102,195.39358633244643,190.63541054007376,187.40865425010503
1051,139.69449719373762,92.46740093682745,76.51441110689117,195.41010129300284,190.63775381599217,187.35384399943985
1052,139.72190572646326,92.50210997172638,76.51810355741233,195.41328478737805,190.62187368715865,187.3838771413901
1053,139.71260075114992,92.49008313288601,76.46280119846394,195.41082014657144,190.62369416048173,187.3807589973393
1054,139.7236359032789,92.49561125880913,76.50966367050681,195.39619100966252,190.62288194930682,187.40343555991225
1055,139.71203105878382,92.45098535679622,76.42676288137739,195.3954908276152,190.62042664426085,187.40267936330113
1056,139.71264295058447,92.41973667552855,76.45157614887961,195.38099239135508,190.6274097932129,187.36327311767727
1057,139.79142929484746,92.43796683124447,76.49103262016288,195.39395042711104,190.61378891845214,187.40931708910983
1058,139.80316073764612,92.46763303371735,76.5329155589315,195.39767539560285,190.60622695234093,187.39724595061384
1059,139.77564670633413,92.44414904840275,76.51548719247162,195.40241796200345,190.60512533258648,187.38830229192922
1060,139.7891294256657,92.46301219563658,76.51187914081952,195.38665919805817,190.61044671614619,187.4196331046072
1061,139.88053340085244,92.57716166603367,76.62187196691565,195.37822900620827,190.6219390374831,187.4081034402278
1062,139.73279318057138,92.36139595729418,76.40777313583997,195.23117210474723,190.55850254399476,187.25996359053354
1063,139.77763007975693,92.4061906570452,76.4511752542516,195.24643607337907,190.5505578116977,187.27730009802548
1064,139.9029835000211,92.52618474912437,76.51964383677259,195.2405545441815,190.5436773561126,187.30063949960322
1065,139.90878592226863,92.61457146474237,76.61754652487657,195.2495355459086,190.53210101293004,187.25282173365076
1066,139.96256910157405,92.68753428704055,76.65871207325822,195.23694160481725,190.52864678149652,187.31868552490315
1067,139.9761151200574,92.68759758619234,76.67569734565556,195.225458619241,190.54321056808104,187.33014983895814
1068,139.99362788538633,92.72445879225218,76.69162763218974,195.2291555804509,190.54963357139522,187.3278345703216
1069,139.92288053340084,92.70424526311348,76.64818331434358,195.27116650329086,190.53605003967698,187.26186808570228
1070,139.88167278558467,92.67284888382495,76.57266742625649,195.2747887784157,190.53543387947533,187.2662558931989
1071,139.86909735409546,92.68527661729333,76.56095708317508,195.27059702189237,190.5294496569108,187.2808476870653
1072,139.91823859560282,92.73903869688147,76.57606448073595,195.30696914531111,190.5830369229333,187.3787798160855
1073,139.92047516563278,92.74640249820652,76.59866227792547,195.32556598048825,190.59382906222285,187.3863697894786
1074,139.9294425454699,92.78775794404355,76.54684137232562,195.3368902581338,190.59796480418242,187.37163795920273
1075,140.0510402160611,92.90051483310124,76.66533738447905,195.33843999439856,190.5788638379312,187.41898893712366
1076,140.05492256403764,92.90958771152467,76.76148879605013,195.3421836344116,190.58695794239836,187.41907295896934
1077,139.99565345824365,92.84742794446555,76.62693589905895,195.34790645567847,190.5911403631611,187.377780889698
1078,139.94273536734607,92.77931805713803,76.58441996877242,195.32525790038744,190.5975353591934,187.43134948419922
1079,139.89749757353252,92.73032451365151,76.52291429294847,195.35549642907156,190.5889557951734,187.39128973533118
1080,139.57323711862261,92.34348229733722,76.51027556230747,195.30941511459648,190.6228446062643,187.3251552070205
1081,139.61343208001014,92.35755580875217,76.54198843735495,195.35966951407366,190.64934883069597,187.38768613172758
1082,139.6165337384479,92.36217664683294,76.52386378022534,195.36773561125892,190.6554170751062,187.3801801801802
1083,139.74403932987298,92.51533949445077,76.63788665231885,195.36356252625683,190.66042104280447,187.38195397470008
1084,139.73291977887496,92.48831075663585,76.59906317255349,195.36830509265744,190.65627596508426,187.40226858983337
1085,139.6998565219226,92.42104485799891,76.57178123813141,195.37218876907997,190.64989030481257,187.4047145591187
1086,139.7553909777609,92.46640925011604,76.58416677216525,195.38720067217477,190.64708024086264,187.3806096251692
1087,139.82795290543106,92.53804279022661,76.65246655694814,195.3855015637399,190.6588713065397,187.4224898473603
1088,139.7261467696333,92.48069375870364,76.59944296746424,195.39151379358634,190.64882602810064,187.44355132334408
1089,139.69449719373762,92.46885681731865,76.54599738363505,195.3694440554544,190.6746860850488,187.4211081547869
1090,139.65022998691816,92.44689201164704,76.48590538886779,195.37149792279325,190.66912197171266,187.4446716146198
1091,139.65164366797484,92.4146938431025,76.44007680297084,195.36567240815947,190.6588152919759,187.46429538346638
1092,139.61324218255476,92.39429041650843,76.40302569945563,195.35995892265322,190.66260561079213,187.4419642440368
1093,139.59058108621343,92.34844073089421,76.40878592226863,195.38339168183728,190.66164402744712,187.4495075386267
1094,139.56032409165718,92.33436721947926,76.37156602101531,195.38284087196004,190.6663119077627,187.4176819306353
1095,139.5694602692324,92.33930455331898,76.33730008017892,195.38469868832564,190.66263361807404,187.4094011109555
1096,139.58439886905515,92.34158332278348,76.34377769337891,195.38123512113148,190.6820426644261,187.46930868692527
1097,139.59707979913068,92.32044140608515,76.37257880744399,195.38539887037297,190.66831909629838,187.4480044811651
1098,139.53610161623834,92.22015444993038,76.42269063594547,195.32421229519676,190.65675208887643,187.34548849367502
1099,139.5547748660168,92.22804574418703,76.43408448326792,195.33758110442048,190.63431825607992,187.36594314521776
1100,139.526796640925,92.22863653627041,76.39076676372537,195.35326518228072,190.6163935956682,187.35892265322317
1101,139.57851204793855,92.27317803941428,76.41705701143604,195.35319049619568,190.61617887317368,187.36185408206134
1102,139.5881124192936,92.29469975102333,76.41463054395071,195.3503430892032,190.62178032955234,187.3776968678523
1103,139.62077478161794,92.30828796894122,76.45969954002616,195.37830369229334,190.6053120477991,187.38424123605472
1104,139.68882136979366,92.41944127948686,76.53789509220576,195.39349297484011,190.59317555897866,187.34285580917705
1105,139.77845296873022,92.50234206861629,76.61733552770393,195.37483078933857,190.60926107454605,187.36672734911076
1106,139.8395788496434,92.57823775161413,76.66753175507448,195.39280212855343,190.6278579097232,187.40378098305558
1107,139.84974891336455,92.61758872431109,76.6588386715618,195.4088876441208,190.6175979087896,187.35953881342482
1108,139.8693083512681,92.65404903574291,76.73773051441111,195.37877048032487,190.63582131354153,187.399215796107
1109,139.85137359159387,92.64371017428367,76.66379710511879,195.36823040657237,190.63766045838585,187.41468515147272
1110,139.77330463771784,92.56589441701482,76.53945647128329,195.40115763431825,190.62684031181442,187.3647294963357
1111,139.75372410009706,92.56861628054185,76.52365278305271,195.3927927927928,190.62631750921906,187.37707137189003
1112,139.74952525636155,92.57262522682196,76.46915221336035,195.3747561032535,190.64736031368156,187.38213135415208
1113,139.71610330421572,92.54561758872431,76.41823859560282,195.36467348177192,190.65326051440042,187.38608971665965
1114,139.663733805967,92.51774486221885,76.39926994978268,195.37933062596275,190.63174158614572,187.39706857116184
1115,139.6880828796894,92.52124741528463,76.43708064311939,195.38706997152593,190.63503710964852,187.4057041497456
1116,139.48436510950754,92.33949445077435,76.27769337890872,195.33700228726136,190.67431265462355,187.33101806469682
1117,139.5197071359244,92.33491581212812,76.2739165295185,195.34355599122438,190.61069878168323,187.36489754002707
1118,139.47518673249778,92.27644849559016,76.2477528801114,195.34185688278953,190.60044811651028,187.34855995892266
1119,139.48710807275182,92.28334810313542,76.24254124994725,195.3376744620268,190.59734864398078,187.35965084255238
1120,139.47159978056294,92.27281934422079,76.2572477528801,195.35341455445084,190.60388367642253,187.39088829762406
1121,139.4956745579609,92.24722538717981,76.23473435455965,195.36720347290296,190.61339681650563,187.38182327405124
1122,139.50778579567034,92.24707768915897,76.2334261720893,195.36528030621295,190.617411193577,187.35209821220184
1123,139.49497826729123,92.22431109423134,76.21152466556948,195.39403444895672,190.5973579797414,187.3577556831443
1124,139.47917457906064,92.22606237076423,76.22120943579355,195.37984409279747,190.63122811931103,187.38053493908416
1125,139.47235937038442,92.21553361184961,76.22464868970756,195.37960136302104,190.6280726322177,187.36104187088642
1126,139.57967253238806,92.30860446470017,76.29016331181163,195.39305419409047,190.62022125752696,187.38694860663773
1127,139.5693969700806,92.295712537452,76.22283411402287,195.37942398356907,190.63070531671568,187.40500396769826
1128,139.63143013883615,92.3832341646622,76.34493817782841,195.3690799607898,190.63831396163002,187.39839424917145
1129,139.61952989829936,92.38610372621007,76.34806093598345,195.38899313821594,190.6482752182234,187.4530737991878
1130,139.59895767396716,92.35287167151961,76.2996792842976,195.40250198384913,190.64318722867947,187.46157867712273
1131,139.56789889015488,92.33976874709879,76.27058277419083,195.4161228586099,190.6474630070485,187.4006628390048
1132,139.59220576444275,92.36270413976453,76.24627589990294,195.41299537879848,190.64802315268636,187.4179806749755
1133,139.58712073258218,92.3682533654049,76.3135417985399,195.42564533445363,190.6471362554264,187.42982775521637
1134,139.57956703380174,92.21051187914082,76.1886736717728,195.34609531811606,190.6644914344396,187.32402557998412
1135,139.57990462927796,92.23142169894923,76.18542431531418,195.35558045091724,190.6578817159128,187.3513980301545
1136,139.5952019242942,92.23939739207495,76.16118074017808,195.35808243476637,190.64694020445316,187.36891191709844
1137,139.64725492678397,92.30797147318226,76.19930792927374,195.3590253465901,190.6432899220464,187.3565607057835
1138,139.6646621935266,92.32546313879394,76.20880280204246,195.3754096064977,190.63187228679456,187.3483359006675
1139,139.670612313795,92.32238258007342,76.19445499430307,195.37092844139477,190.62798861037203,187.3725341922233
1140,139.659893657425,92.34379879309617,76.19542558129721,195.37059235401205,190.6265042244317,187.36969612099145
1141,139.66997932227707,92.37426678482508,76.17892560239693,195.3770900434113,190.60932642487046,187.3840358493208
1142,139.70747351985483,92.41674051567709,76.19884373549394,195.3894599262475,190.59211128226673,187.36882789525276
1143,139.70646073342618,92.40846942650968,76.21952145841246,195.38408252812397,190.58568827895252,187.39989730663305
1144,139.73199139131535,92.39779296957421,76.22331940751994,195.37434532978574,190.60189515940812,187.46051440041077
1145,139.75074903996287,92.42726927459172,76.25013714816221,195.366316575643,190.6144704289782,187.43105073985902
1146,139.72431109423133,92.43779803350635,76.24853356965016,195.3614526443542,190.61208047425663,187.3932129020212
1147,139.75182512554332,92.44113178883403,76.23334177322023,195.34480698314894,190.61730850021004,187.37746347383654
1148,139.75220492045406,92.44682871249525,76.26222728615437,195.3422023059329,190.62303132147693,187.37846240022407
1149,139.7550322825674,92.45050006329915,76.25361860151074,195.3591373757177,190.60990524202958,187.37947066237223
1150,139.78543697514453,92.46687344389585,76.23391146558636,195.36021098819026,190.62046398730337,187.36919198991737
1151,139.7884964341478,92.47609402034013,76.28182892349243,195.37884516640995,190.60001867152127,187.38061896092984
1152,139.5357218213276,92.12178756804659,76.05156770899269,195.31593147551698,190.59144844326192,187.3030667973673
1153,139.57304722116723,92.15717179389796,76.09294425454699,195.32186901927835,190.5815432012323,187.30818279419316
1154,139.5740600075959,92.19042494830569,76.10606827868507,195.32589273211036,190.58971199178453,187.3106567707604
1155,139.56144237667215,92.19183862936237,76.09490652825252,195.32565933809457,190.6017364514774,187.26559305419408
1156,139.54359201586698,92.17704772756045,76.06110478119594,195.32886150399105,190.5759230733324,187.3239882369416
1157,139.52696543866313,92.15594801029667,76.06180107186563,195.3508565560379,190.57548429258273,187.32860010269337
1158,139.52380048107355,92.14660083554881,76.03859138287547,195.33399617233815,190.5703309527144,187.35408672921625
1159,139.54087015233995,92.16424019918134,76.0477275604507,195.3357232880549,190.58587499416515,187.38406385660272
1160,139.51983373422797,92.15858547495463,76.02506646410939,195.32868412453905,190.59035615926808,187.37482145357794
1161,139.51641558003124,92.1571506941807,76.01173144279866,195.33151286001026,190.59927181067079,187.31770527003687
1162,139.56952356838417,92.2047516563278,76.06467063341351,195.33751575409607,190.58428791485787,187.33864538113244
1163,139.61739882685572,92.24165506182217,76.09178377009748,195.346982215376,190.58945992624749,187.34357466274565
1164,139.66050554922563,92.28113263282272,76.15805798202304,195.34584325257902,190.59551883489706,187.32781589880037
1165,139.6263240072583,92.258999029413,76.13645187154492,195.35333053260516,190.57175932409092,187.29989263875274
1166,139.70705152550957,92.32307887074313,76.18379963708486,195.36341315408674,190.57188068897912,187.2985296177006
1167,139.65198126345106,92.27754568088788,76.14780351943284,195.36492554730896,190.56071511926433,187.3223358073099
1168,139.66630797147317,92.29906739249694,76.17770181879563,195.34987630117163,190.55776501890492,187.39472529524343
1169,139.64577794657552,92.30651559269106,76.15293075072795,195.35439480931709,190.5710591420436,187.37945199085095
1170,139.6242351352492,92.2258513735916,76.089905895261,195.30460719787143,190.63552256920133,187.31696774494702
1171,139.63678946702115,92.2468244925518,76.15305734903153,195.34057788358305,190.6194557251552,187.32864678149653
1172,139.65548381651686,92.25897792969575,76.13788665231885,195.3435279839425,190.6184381272464,187.31940437847175
1173,139.66814364687514,92.28640756213866,76.13062834958012,195.35928674788778,190.61610418708864,187.30947112916024
1174,139.66364940709795,92.32225598176984,76.09068658479977,195.38061896092984,190.6238061896093,187.3190029407646
1175,139.67103430814026,92.35711271468962,76.12444613242182,195.37863977967604,190.62572002053867,187.31076879988797
1176,139.65046208380807,92.36698738236908,76.10062455163101,195.38847967138122,190.6118004014377,187.32751715446017
1177,139.6736295733637,92.38890998860616,76.10032915558932,195.38377444802316,190.62442234981094,187.33498576296503
1178,139.67953749419758,92.40412288475335,76.11288348736127,195.39313821593615,190.6139569621435,187.3349764272044
1179,139.69382200278517,92.43245980503862,76.0586783137106,195.40213788918453,190.6114363067731,187.3178359706857
1180,139.69922353040468,92.45784276490696,76.10125754314892,195.40191383092937,190.61866218550156,187.30950847220277
1181,139.69017175169853,92.46018483352323,76.09511752542515,195.40618960929842,190.62054800914905,187.30866825374596
1182,139.66552728193443,92.45092205764443,76.08024222475419,195.4080194183821,190.61703776315176,187.30724921813004
1183,139.66580157825885,92.46545976283917,76.09562391863949,195.40641366755355,190.61724314988564,187.31841478784483
1184,139.69371650419885,92.48008186690298,76.13805545005697,195.40462120151238,190.6201745787238,187.31494188489006
1185,139.62176646832933,92.44168038148288,76.07568468582521,195.40223124679082,190.6212201839145,187.32151426037436
1186,139.64556694940288,92.45626028611217,76.12256825758534,195.4063389814685,190.62637352378286,187.31516594314522
1187,139.66318521331814,92.4681816263662,76.11064691733131,195.39558418522148,190.63145217756616,187.33070064883537
1188,139.48816305861502,92.08541165548381,76.10760855804533,195.31155300378097,190.55788638379312,187.23374877468143
1189,139.5063510148964,92.16685656412204,76.09222686416003,195.31462446902862,190.55590720253932,187.2567707603977
1190,139.52456007089506,92.18306114698063,76.11765202346288,195.31515660738458,190.55038976800634,187.28549689585958
1191,139.50590792083386,92.1746845592269,76.16048444950837,195.30395369462727,190.55024039583625,187.27115716753022
1192,139.60239692788116,92.24697219057265,76.2292273283538,195.3200858889978,190.55815712085143,187.34147411660365
1193,139.64062961556314,92.28250411444486,76.26020171329704,195.3220650702516,190.54315455351724,187.33447229613031
1194,139.66550618221717,92.2964088281217,76.25925222602017,195.33927087709472,190.54575923073332,187.34053120477992
1195,139.67297548212855,92.28742034856732,76.29592353462463,195.3610605424077,190.53730103160154,187.32424963823928
1196,139.6558214119931,92.29024771068067,76.23661222939613,195.35309713858936,190.54441488120244,187.31157167530225
1197,139.6485842089716,92.28851753386505,76.20831750854539,195.35892265322317,190.53696494421882,187.31347617047098
1198,139.64373127400094,92.29910959193147,76.25017934759674,195.35993091537134,190.5378891845213,187.3134481631891
1199,139.62723129510064,92.31807823775162,76.22298181204371,195.3725248564627,190.53937357046166,187.29266676002428
1200,139.64463856184327,92.3310756635861,76.24836477191205,195.36666199878636,190.5363301124959,187.3104793913084
1201,139.7373929189349,92.40235050850319,76.31877452842132,195.35357326238156,190.53826261494655,187.3435839985063
1202,139.74574840697136,92.40184411528885,76.26731231801494,195.35538439994397,190.5326051440041,187.327470475657
1203,139.7400092838756,92.4374182385956,76.26013841414525,195.3383373010316,190.54889604630537,187.3312794659945
1204,139.76410516099085,92.47252816812255,76.27611090011393,195.32367082108016,190.555207020492,187.34254772907622
1205,139.79183018947546,92.4564712832848,76.30214795121745,195.3415861457312,190.59061756056576,187.3988890444849
1206,139.77583660378951,92.53492003207157,76.36040427058278,195.28446996219017,190.7021332213042,187.33836530831348
1207,139.79923619023506,92.62927796767524,76.41368105667384,195.3786864584792,190.7045978621108,187.42221911030202
1208,139.89580959615142,92.75653036249314,76.52975060134195,195.38254212761984,190.7004807916725,187.4490220790739
1209,139.94134278600666,92.79754821285395,76.52567835591003,195.4245903935023,190.71137562432898,187.45348457265555
1210,140.00210997172638,92.87365489302444,76.62583871376124,195.4176259160715,190.70130233860803,187.4785604257107
1211,140.09997046039584,92.96792842975904,76.66672996581846,195.42127619847827,190.7097231946973,187.4576389861364
1212,140.08714183229944,92.96997510233363,76.62360214373128,195.41589880035477,190.71088082901554,187.46323110675442
1213,140.107102164831,93.00835548803646,76.5827952905431,195.44495168743873,190.7145964617467,187.44579190589553
1214,140.09484322910072,93.05236949824872,76.61043592015866,195.4504691219717,190.7270223591467,187.4206880455585
1215,140.0693969700806,93.03080558720514,76.57465079967929,195.43846333380012,190.73488306959808,187.4389674648742
1216,140.25022154703126,93.12292695277883,76.75507448200194,195.55046445409138,190.79145777902255,187.59506138262614
1217,140.20605983879815,93.13590327889607,76.6932734101363,195.52002987443402,190.82154693553656,187.63361807403257
1218,140.15512512132338,93.0906021859307,76.61419166983163,195.52109415114597,190.82420762731644,187.55065116930402
1219,140.1903616491539,93.14193779803351,76.6698527239735,195.5351818139383,190.8030901367689,187.61218316762358
1220,140.1322741275267,93.03283116006246,76.57633877706039,195.5424170284274,190.79329692386688,187.61529197591375
1221,140.07990462927796,92.98364771912057,76.44900198337342,195.55864258040424,190.79951454044718,187.54450823880876
1222,140.0766130733848,92.94191247837279,76.41262607081065,195.5359006675069,190.80160575082854,187.5676982682164
1223,139.9952736633329,92.90209731189601,76.3692450521163,195.54188489007143,190.79420249264808,187.55143537319702
1224,140.03629151369373,92.72091403975186,76.43292399881841,195.52048732670494,190.82093077533492,187.49031414834525
1225,140.04424610710217,92.72473308857661,76.44239777186986,195.52229846426738,190.82646688138917,187.500266069178
1226,140.01265983035827,92.7270751571929,76.45720977338904,195.54063389814687,190.81468515147273,187.4960089623302
1227,139.98523019791534,92.71589230704309,76.42543359918977,195.54311721047472,190.8111749054754,187.4579377304766
1228,140.03977296704224,92.74085327256614,76.40123222348821,195.5519955188349,190.80781403164823,187.4395369462727
1229,140.0185888509094,92.73910199603326,76.38534413638857,195.53797320636698,190.8159454791579,187.4692246650796
1230,140.08973709752289,92.82409165717179,76.43144701860994,195.53685291509126,190.82016524296316,187.46401531064743
1231,140.0900324935646,92.81620036291514,76.4279233658269,195.5243243243243,190.81586145731222,187.46558371843346
1232,140.09279655652614,92.81316200362915,76.44653331645355,195.53672221444242,190.80674975493628,187.4631937637119
1233,140.0850740600076,92.8516478879183,76.47752880111406,195.52206507025159,190.79766605984221,187.47781356486018
1234,140.19299911381188,92.95585939148415,76.54884584546566,195.5230546608785,190.79406245623863,187.49805349390843
1235,140.1520234628856,92.92899945140735,76.5044309406254,195.51530597955468,190.79083228306027,187.5114409746534
1236,140.11807401780817,92.9049668734439,76.38734860952863,195.50992858143118,190.78965597722075,187.50460719787145
1237,140.08085411655483,92.89536650208888,76.36053086888636,195.50988190262802,190.7516687672128,187.46458479204594
1238,140.08703633371312,92.95258893530827,76.37342279613453,195.51268263081735,190.7472529524343,187.43631610885498
1239,140.02859011689245,92.9091024180276,76.26541334346119,195.51187975540307,190.7521728982869,187.4377351444709
1240,140.0272819344221,92.92627758788032,76.26174199265729,195.4896046305373,190.74206226952342,187.46073845866593
1241,139.98423851120396,92.89699118031818,76.21604000506393,195.48448863371144,190.73113942958503,187.46167203472902
1242,139.78214541925138,92.73150609781828,76.32947208507406,195.22370349624236,190.51437240349156,187.21158567894318
1243,139.79345486770478,92.7687259990716,76.3247879478415,195.26083181627223,190.56666199878634,187.23156420669375
1244,139.8417521205216,92.82917668903237,76.37407688736971,195.27254819586426,190.561760724455,187.2828642113616
1245,139.83928345360172,92.87283200405115,76.389057686627,195.26648928721468,190.5676049106101,187.2532044998366
1246,139.88798160104653,92.87546946870911,76.36740937671435,195.27716006161603,190.5703122811931,187.2609998599636
1247,139.94520403426594,92.90578976241719,76.31617926319787,195.2823787518088,190.56937870513,187.25781636558838
1248,140.0056547242267,92.9599105371988,76.27883276364096,195.27784157214208,190.5748494608598,187.25336320776736
1249,140.18601510739757,93.16402920200869,76.47778199772124,195.27157727675862,190.5793773047659,187.2933669420716
1250,140.2376250158248,93.22192682618054,76.53032029370806,195.28096905195352,190.57897586705877,187.28849367502218
1251,140.32575853483564,93.30518631050344,76.60781955521796,195.2604303785651,190.57482145357793,187.28218270083556
1252,140.2458961049922,93.21325484238511,76.53065788918428,195.27417261821407,190.57830369229333,187.28440461186574
1253,140.1936954044816,93.1791154998523,76.47318225935773,195.26735751295337,190.5836064043318,187.3186108388181
1254,140.19637506857407,93.17396716883994,76.50310165843777,195.28412453904681,190.57635251832144,187.3148018484806
1255,140.21025868253366,93.17493775583407,76.51487530067097,195.2990990990991,190.58639779676048,187.31172104747233
1256,140.1831455458497,93.16077984555007,76.43210110984514,195.2916584978761,190.59508005414742,187.30214255706483
1257,140.16246782293118,93.1136219774655,76.44632231928092,195.29472062736312,190.5921392895486,187.30171311207582
1258,140.15639110435922,93.09366164493396,76.43089842596109,195.31763058395182,190.58349437520422,187.30587686131727
1259,140.1348904924674,93.08336498290923,76.41684601426341,195.31718246744154,190.58611772394156,187.30956448676656
1260,140.06977676499136,92.73671772798245,76.28995231463898,195.41770993791718,190.75270503664285,187.41494655277037
1261,140.1267882010381,92.86221884626745,76.42887285310377,195.42867945665873,190.71551136628858,187.40083088269617
1262,140.16744735620543,92.91030510191163,76.40032493564586,195.40553610605423,190.7009009009009,187.32327871913364
1263,140.1030721188336,92.88188378275731,76.30600919947673,195.4004854595528,190.69225598655652,187.34399477197405
1264,140.1104781195932,92.92861965649661,76.40216061104782,195.41793399617234,190.68037156327313,187.46159734864398
1265,140.17483225724774,92.9995358062202,76.54333881925982,195.43338468001681,190.67890584885404,187.41632824534378
1266,140.19160653247246,92.9995358062202,76.59665780478542,195.40435980021473,190.69093030854688,187.41997852775054
1267,140.23770941469385,93.01424230915306,76.61189180064987,195.41084815385332,190.6745647201606,187.46330579283946
1268,140.2473941849179,93.01599358568595,76.59279655652614,195.41913830929374,190.69238668720533,187.44928348037158
1269,140.22177912815968,92.97752880111406,76.56042959024349,195.42039863697894,190.68615039910378,187.42544928348036
1270,140.23304637717854,92.96972190572646,76.49968350424105,195.42937963870605,190.68077300098025,187.47603043457966
1271,140.18776638393047,92.97925897792969,76.5332109549732,195.41580544274845,190.69179853428557,187.48300424777108
1272,140.18713339241253,92.97993416888214,76.50567582394396,195.41800868225738,190.69637305699482,187.45629463660552
1273,140.13624087437228,92.957927163776,76.46134531797274,195.44372870279605,190.69076226485552,187.45863791252393
1274,140.17489555639955,92.98881714985019,76.46600835548804,195.4582084675349,190.6849927647855,187.42718573495776
1275,140.25013714816222,93.06606321475292,76.54027936025658,195.4631377491481,190.67884983429025,187.43885543574663
1276,140.22844663881503,93.08359707979913,76.53405494366376,195.46248424590394,190.68983802455304,187.44542781123093
1277,140.23304637717854,93.09558171920496,76.5515044098409,195.47022359146712,190.68848433926155,187.44424216963077
1278,140.11419166983163,93.08693083512681,76.42857745706208,195.53072865611725,190.784689352565,187.47232413760912
1279,140.11294678651305,93.10800945267333,76.41608642444191,195.52463240442515,190.7976847313635,187.49277878915186
1280,140.11674473562053,93.12041608642444,76.43013883613959,195.55027773887878,190.78313961630025,187.48668253745973
1281,140.21295944634343,93.24249905051272,76.54156644300966,195.55042711104886,190.7856789431919,187.48199598562292
1282,140.21538591382875,93.25910452799933,76.54291682491454,195.54551650095692,190.7902721374224,187.49254539513606
1283,140.2130227454952,93.28151242773347,76.55217960079335,195.54277178733136,190.78761144564254,187.49609298417587
1284,140.19318901126724,93.2751403131198,76.54186183905135,195.5533772114083,190.78190729589693,187.49151846146665
1285,140.17441026290248,93.29031100983246,76.47854158754272,195.5320916771694,190.7644587592774,187.4734631004061
1286,140.12353884457949,93.28060513989112,76.46398278263071,195.49899640573216,190.7289361900761,187.4715119264342
1287,140.09838798160104,93.26900029539604,76.3721568130987,195.48340568547823,190.71635158474535,187.4695887597442
1288,140.13233742667848,93.28999451407351,76.420812761109,195.47029827755216,190.73250245063716,187.4979321290202
1289,140.11708233109675,93.26718571971135,76.44256656960796,195.48540353825328,190.72301731783597,187.45627596508425
1290,140.12590201291303,93.27727138456345,76.42771236865426,195.48142650422443,190.73246510759463,187.42951967511553
1291,140.09642570789552,93.26537114402667,76.40503017259569,195.45906735751296,190.74602996779163,187.4890724921813
1292,140.1027767227919,93.27689158965269,76.41450394564713,195.4800728189329,190.73867338841433,187.48938990804277
1293,140.05369878043635,93.23908089631598,76.34316580157827,195.47058768613172,190.75791439107502,187.44999299817954
1294,140.08043212220957,93.25699455627294,76.3829387686205,195.50497129253606,190.7874247304299,187.49589693320263
1295,140.1032409165717,93.24062117567624,76.3939528210322,195.5260607758017,190.76975213555525,187.46437006955142
1296,139.84234291260498,92.95366502088872,76.52316748955565,195.3633478037623,190.6837231013397,187.3171171171171
1297,139.8556146347639,92.98012406633751,76.47854158754272,195.36659664846192,190.67822433832796,187.3696774494702
1298,139.9068869477149,93.01221673629573,76.51909524412373,195.3770620361294,190.67729076226485,187.3791345749895
1299,140.0734059163607,93.12615520952019,76.66983162425623,195.3842972506185,190.68609438453998,187.33711431638892
1300,140.09686880195807,93.1192767016922,76.6559269105794,195.41310740792605,190.68925920739392,187.42871679970125
1301,140.10129974258345,93.10378950922058,76.64771912056378,195.41154833590068,190.68616907062503,187.44213228772816
1302,140.0251719626957,93.05988099759463,76.55125121323374,195.39467861644027,190.71018998272885,187.4277458805956
1303,140.01337722074524,93.07600118158416,76.55361438156729,195.4107174532045,190.7041684171218,187.4178032955235
1304,140.00225766974722,93.06494492973795,76.53299995780057,195.41944638939458,190.6943845399804,187.43295523502778
1305,139.9947672701186,93.06749799552686,76.5591425074904,195.4206880455585,190.69560752462306,187.4287074639406
1306,140.00337595476222,93.08292188884668,76.53348525129763,195.42520655370396,190.69262941698176,187.41953041124026
1307,140.0108452546736,93.09743849432418,76.52991939908006,195.41435839985064,190.7006021565607,187.44115203286188
1308,140.06623201249104,93.17679453095329,76.61997299236191,195.42626149465528,190.6958502543995,187.43150819212997
1309,140.03532092669957,93.1696839262354,76.59463223192809,195.42557064836856,190.68610372030062,187.41700042010922
1310,140.05612524792167,93.17198379541715,76.56424863906824,195.41873687158662,190.6893992438034,187.43150819212997
1311,140.06338355066043,93.14651643667975,76.49894501413681,195.42102413294123,190.69992064603463,187.40340755263034
1312,140.09553951977043,93.1574460902224,76.51251213233742,195.41595481491854,190.68864304719227,187.46296036969613
1313,140.1188547073469,93.18352534076044,76.51369371650419,195.43009849227465,190.68570228259347,187.4580310880829
1314,140.11364307718276,93.14206439633709,76.5007595898215,195.38931988983802,190.69086495822248,187.391952574336
1315,140.12630290754103,93.15712959446343,76.50922057644428,195.4007468608505,190.68848433926155,187.41068011016196
1316,140.15985145799047,93.15354264252859,76.5571591340676,195.40511599682583,190.72147691733184,187.42516921066144
1317,140.17029581803604,93.20698822635777,76.62301135164789,195.38854502170565,190.73633944825656,187.40850487793492
1318,140.18713339241253,93.24116976832511,76.68829387686205,195.42108948326566,190.71114223031321,187.41879288615038
1319,140.22177912815968,93.26891589652699,76.68504452040342,195.43513980301546,190.70014470428978,187.42690566213884
1320,140.26857830105075,93.36063636747268,76.73000801789256,195.45342855809176,190.70293609671847,187.38057228212668
1321,140.28222981812044,93.371861417057,76.69337890872262,195.42798861037204,190.7107781356486,187.42544928348036
1322,140.25378739924886,93.3577668059248,76.65020888720092,195.45045045045046,190.6969705456752,187.43034122205106
1323,140.3277630079757,93.42237414018652,76.7289952314639,195.44112402558,190.70468188395648,187.413210101293
1324,140.32381736084736,93.44180697978648,76.75547537662996,195.4531671567941,190.6893152219577,187.41115623395416
1325,140.32282567413597,93.46020593324049,76.73131620036291,195.44745367128786,190.69568221070813,187.41632824534378
1326,140.3281217031692,93.45725197282357,76.71247415284635,195.4410026606918,190.7012930028474,187.4149185454885
1327,140.2599907161244,93.43047643161582,76.67373507195003,195.4634925080521,190.68982868879243,187.4533165289642
1328,140.1595982613833,93.3440730894206,76.58022112503693,195.46549969658778,190.69608364841525,187.43870606357652
1329,140.0692281723425,93.30081866902984,76.50187787483648,195.446716146198,190.70367362180835,187.41389161181908
1330,139.982402835802,93.213086044647,76.46174621260076,195.43810857489615,190.7106007561966,187.42709237735144
1331,139.91783770097481,93.1723002911761,76.41916698316243,195.43976100452784,190.69975260234327,187.42586939270876
1332,139.72842553909777,92.76446385618432,76.19719795754737,195.27894319189656,190.59439854362134,187.20567614246372
1333,139.77661729332826,92.82331096763303,76.25252141621303,195.30583951827475,190.5841852214909,187.18404518508146
1334,139.75536987804364,92.92543359918977,76.295712537452,195.3160901834477,190.58658451197311,187.2333193296924
1335,139.75216272101954,92.9530953285226,76.27366333291134,195.32087009289083,190.5930355225692,187.23617607244552
1336,139.79254757986243,92.962885597333,76.33968434822974,195.33942958502544,190.60508798954396,187.30031274798114
1337,139.778115373254,92.94647001730176,76.32120099590665,195.3587172664893,190.6008122111749,187.30856556037904
1338,139.76699582225598,92.94341055829852,76.28045744187028,195.35177146057976,190.61769126639592,187.2705130000467
1339,139.79166139173736,92.95628138582943,76.27300924167616,195.3640946646128,190.61665499696588,187.31166503290856
1340,139.8270034181542,92.95031016584377,76.28003544752501,195.33451897493347,190.62748447929795,187.33252112215843
1341,139.91769000295395,93.00639321433093,76.36183905135671,195.35193950427112,190.61616953741307,187.2993418288755
1342,139.9233236274634,93.00540152761953,76.36589019707137,195.36285300844887,190.6211641693507,187.29010876161135
1343,139.89148415411233,93.0132295227244,76.36198674937756,195.3625355925874,190.62742846473415,187.32373617140456
1344,139.84962231506097,93.01403131198042,76.30223235008651,195.38293422956636,190.618372776922,187.29409513140084
1345,139.86481411149092,92.99641304806515,76.32801620458285,195.38173925220556,190.61002660691778,187.30636232087008
1346,139.86131155842511,92.9973203359075,76.32027260834705,195.40916771693975,190.62507585305514,187.3247724408346
1347,139.85192218424274,92.99193990800524,76.31560957083175,195.41730850021005,190.62964104000375,187.30176912663958
1348,139.87342279613452,93.03190277250285,76.33474701439,195.42388087569435,190.62954768239743,187.2977734210895
1349,139.83687808583366,93.01823015571591,76.32729881419588,195.41574009242402,190.6356345983289,187.2990430845353
1350,139.84719584757565,92.98672827784108,76.42437861332658,195.52984175885732,190.7760444382206,187.44325257900388
1351,139.8448326792421,93.00732160189054,76.4360256572562,195.54418148718668,190.78411053540586,187.44228165989824
1352,139.86711398067266,93.03774739418492,76.45697767649914,195.5412500583485,190.77413994305186,187.45753629276945
1353,139.8740768873697,93.04819175423049,76.41435624762629,195.54550716519628,190.77440134434954,187.4412547262288
1354,139.87656665400684,93.06722369920243,76.42190994640671,195.55924940484525,190.76618587499416,187.46528497409327
1355,139.86584799763682,93.12750559142508,76.42653078448748,195.55375064183355,190.76647528357373,187.47794426550902
1356,139.91893488627252,93.17341857619108,76.44619572097734,195.55716753022452,190.76506558371844,187.47392988843765
1357,140.0296029033211,93.29151369371651,76.50375574967295,195.571479251272,190.764393408953,187.4456051906829
1358,140.12071148246613,93.41315356374224,76.60208043212221,195.59530411240254,190.79424917145124,187.48137048966063
1359,140.12974216145503,93.37836012997425,76.57794235557243,195.60254866265228,190.80640433179292,187.49244270176914
1360,140.12763218972864,93.38812929906739,76.59055998649617,195.60581617887317,190.82819399710593,187.58367175465622
1361,140.16529518504453,93.39851035996118,76.58389247584083,195.62234981095085,190.826242823134,187.55158474536714
1362,140.15991475714225,93.42857745706208,76.66010465459763,195.6183074265976,190.83138682724174,187.5203566260561
1363,140.15124277334684,93.45056336245095,76.61136430771828,195.6165149605564,190.82721374223965,187.5471315875461
1364,140.06524032577963,93.39479680972275,76.50776469595307,195.60919572422162,190.8293889744667,187.54526443541988
1365,140.09927416972613,93.44703970966789,76.56376334557118,195.61672034729028,190.83336600849555,187.51998319563086
1366,140.0949909271216,93.42940034603537,76.55209520192429,195.62985576249824,190.82681230453252,187.50376697941465
1367,140.06958686753597,93.42159345064776,76.54584968561421,195.63340335153808,190.83370209587827,187.48953928021285
1368,139.87848672827784,93.16360720766342,76.44549943030763,195.5030574616067,190.88929655043646,187.4900620828082
1369,139.88023800481074,93.18871587120732,76.47767649913492,195.55183681090418,190.85172011389628,187.5240162442235
1370,139.8854918344094,93.17092880955396,76.4963286491961,195.5576063109742,190.85933809457126,187.50747327638518
1371,139.93969700806008,93.21034308140271,76.53873908089632,195.5568594501237,190.8456051906829,187.47603043457966
1372,139.94408574925097,93.21456302485547,76.57684517027472,195.56378658451197,190.8355785837651,187.5036642860477
1373,139.94653331645355,93.19886483521121,76.55734903152297,195.562292862811,190.82929561686038,187.51832143023853
1374,139.8902181710765,93.13835084609866,76.52255559775499,195.54188489007143,190.8298744340195,187.53465901134294
1375,139.8642866185593,93.11997299236191,76.46803392834536,195.54198758343836,190.83219903841666,187.5191523129347
1376,139.86553150187788,93.035194328396,76.39842596109212,195.53594734631005,190.81944638939459,187.54715025906737
1377,139.8107988352956,92.97370975228932,76.32122209562392,195.53747841105354,190.81645894599262,187.52054334126873
1378,139.81641136008778,92.96054352871671,76.34090813183103,195.54987630117165,190.80383699761938,187.5363207767353
1379,139.8172131493438,92.96126091910368,76.34090813183103,195.56998552957103,190.8211081547869,187.58186061709378
1380,139.79894079419336,92.94874878676626,76.34259610921214,195.55848387247352,190.82723241376092,187.56378658451197
1381,139.76840950331265,92.96269569987763,76.35371566021016,195.58846099985996,190.82874480698314,187.4956822107081
1382,139.78104823395367,92.98548339452252,76.3465206566232,195.58305559445455,190.82457172198104,187.5170517667927
1383,139.82685572013335,92.99945140735115,76.32295227243955,195.5853801988517,190.81431172104746,187.53042991177705
1384,139.86401232223488,93.01109845128076,76.37603916107524,195.5685758297157,190.82736311440974,187.56293703029453
1385,139.88907878634427,93.05047052369498,76.38819259821918,195.57421462913692,190.83031321476918,187.54919479064557
1386,139.65932396505886,92.89492340802633,76.29261087901422,195.34594594594594,190.71216916398262,187.3949586892592
1387,139.81046123981938,93.0104865594801,76.39568299784783,195.38271950707184,190.69515007235213,187.40533071932035
1388,139.83827066717305,93.05365658100182,76.45062666160274,195.3755963217103,190.7064556784764,187.4117070438314
1389,139.91133898805757,93.11720892940035,76.52641684601426,195.39953321196845,190.69436586845913,187.37384119871166
1390,139.89317213149343,93.15769928682955,76.50725830273875,195.40743126546235,190.7081921299538,187.40520935443215
1391,139.89969194412794,93.16183483141326,76.50289066126514,195.40244596928534,190.7031228119311,187.41523596134996
1392,139.82801620458287,93.15242435751361,76.47752880111406,195.40449983662418,190.70454184754703,187.41152032861876
1393,139.84379879309617,93.17907330041777,76.50569692366122,195.4136582178033,190.7110488727069,187.4184941418102
1394,139.84504367641475,93.20652403257796,76.51879984808204,195.42775521635625,190.69877234747702,187.41862484245905
1395,139.8575980081867,93.24057897624172,76.49729923619023,195.4245530504598,190.7014423750175,187.4025206553704
1396,139.84111912900366,93.27098366881884,76.51744946617715,195.44416748354573,190.6893432292396,187.4123138682724
1397,139.84877832637042,93.27516141283706,76.53270456175888,195.441553470569,190.68239742333006,187.4229379638706
1398,139.87808583364983,93.30377262944677,76.56429083850277,195.43626009429119,190.6883536386127,187.43084535312514
1399,139.8892264843651,93.31655905810862,76.52000253196607,195.45492227979275,190.70647434999768,187.42424497035896
1400,139.93657424990505,93.36175465248766,76.54363421530151,195.45501563739904,190.70425243896747,187.4273257713672
1401,139.9331138962738,93.35474954635608,76.53576402076212,195.4520842085609,190.71360687111982,187.41214582458105
1402,139.97022829894078,93.37473097860489,76.58085411655483,195.46650795873595,190.7353311861084,187.4460813144751
1403,140.01052875891463,93.3991433514791,76.59304975313331,195.49707323904215,190.7596228352705,187.46103720300613
1404,139.80809807148583,93.15037768493902,76.47269696586066,195.4638846099986,190.7835783970499,187.43195630864025
1405,139.83373422796134,93.19004515339495,76.44668101447441,195.49548615973487,190.751790132101,187.4318536152733
1406,139.85595223024012,93.22346710554079,76.43872642106595,195.50200252065537,190.74502170564347,187.4296690472856
1407,139.8348736126936,93.23241338566064,76.43773473435456,195.50682910890166,190.77140456518694,187.42058535219158
1408,139.93197451154154,93.30870996328649,76.52641684601426,195.50161041870885,190.77572702235915,187.51290668907248
1409,139.88093429548044,93.25674135966578,76.45349622315061,195.52956168603836,190.77977874247304,187.51837744480233
1410,139.76741781660127,93.17160400050639,76.31531417479006,195.52219577090042,190.77053633944826,187.4936656864118
1411,139.7446090222391,93.10385280837237,76.28739924885006,195.5407739345563,190.79380105494096,187.57643654016712
1412,139.77153226146768,93.07178123813141,76.26345106975566,195.55910003267516,190.80881295803576,187.5490547542361
1413,139.72888973287758,93.05846731653796,76.24555850951597,195.55957615646736,190.80604023712831,187.53063529851096
1414,139.74106426973879,93.03032029370806,76.2697809849348,195.5685104793913,190.79335293843067,187.54561919432385
1415,139.6407140144322,92.99284719584757,76.25923112630291,195.58277552163563,190.77419595761566,187.5335013770247
1416,139.5716757395451,92.9276279697852,76.23057771025869,195.58023619474397,190.7852588339635,187.5152779722728
1417,139.54409840908133,92.89737097522894,76.21631430138837,195.5539466928068,190.79748868039025,187.53852401624422
1418,139.52846351858886,92.86897075579188,76.18918006498713,195.57699668580497,190.78226205480092,187.53188629043552
1419,139.6316833354433,92.94058319618517,76.24853356965016,195.56685804975962,190.79168183727768,187.52327871913363
1420,139.6887791703591,92.9944085749251,76.27210195383383,195.56659664846194,190.80203519581758,187.5286747887784
1421,139.6558214119931,92.95185044520403,76.24551631008144,195.57968538486674,190.79867432199038,187.5243243243243
1422,139.55618854707348,92.72110393720725,76.19200742710048,195.34114736498157,190.68785884329927,187.38170190916304
1423,139.6367683673039,92.8323627463392,76.27891716251003,195.3583625075853,190.69768006348318,187.36756756756756
1424,139.72612566991603,92.89772967042242,76.3299784782884,195.37598842365682,190.67803762311533,187.35487093310928
1425,139.8186057306832,92.96292779676752,76.38772840443939,195.34981095084723,190.68962330205852,187.3323904215096
1426,139.86053086888634,93.03361184960121,76.44267206819428,195.35692480044813,190.6793726368856,187.38625776035101
1427,139.86371692619318,93.05285479174579,76.43952821032198,195.3537693133548,190.67449003407552,187.40496662465574
1428,139.89101996033253,93.05903700890408,76.42811326328227,195.38280352891752,190.65515567380854,187.38504411146897
1429,139.85979237878212,93.07433430392032,76.44058319618517,195.37594174485366,190.66562106147597,187.38903048125846
1430,139.85755580875215,93.05357218213275,76.39281343629996,195.3792279325958,190.65789105167343,187.34922279792747
1431,139.81862683040046,93.02871671519601,76.34865172806684,195.37101246324045,190.65886197077907,187.35489894039117
1432,139.83255264379457,93.05232729881419,76.33417732202389,195.37030294543248,190.6712691966578,187.40376231153434
1433,139.83658268979195,93.09562391863949,76.34466388150399,195.38927321103486,190.69051019931848,187.3775755029641
1434,139.80999704603957,93.10203823268768,76.26727011858041,195.38731270130233,190.68972599542548,187.35898800354758
1435,139.92205764442755,93.24990505127231,76.39680128286281,195.4075339588293,190.68891378425056,187.36858516547636
1436,139.90855382537873,93.26697472253872,76.41136008777482,195.42301264995567,190.69454324791113,187.3651682770854
1437,139.95936194454995,93.31398489260243,76.42786006667511,195.4223311394296,190.6958502543995,187.35361994118472
1438,140.00405114571464,93.35498164324598,76.51595138625143,195.40659104700555,190.6827055034309,187.37503617607246
1439,139.98046166181373,93.33888255897371,76.50113938473224,195.41057741679504,190.6687765485693,187.38680857022825
1440,139.86502510866353,93.03943537156601,76.33478921382454,195.37698735004435,190.7522662558932,187.30678243009848
1441,139.87333839726548,93.03928767354518,76.34875722665316,195.39662979041216,190.73000046678803,187.36563506511692
1442,139.8646453137528,93.04108114951259,76.35337806473393,195.40833683424356,190.72421229519676,187.3470195584185
1443,139.85325146643035,93.03610161623834,76.38994387475208,195.4171124492368,190.73292255986556,187.3159688185595
1444,139.99548466050555,93.17879900409335,76.53479343376799,195.43760444382207,190.71274798114177,187.38164589459927
1445,140.0413132464025,93.18236485631093,76.55829851879984,195.44255239695653,190.71211314941885,187.38678056294637
1446,140.00900957927163,93.18939106215977,76.56378444528843,195.43120011202913,190.71454044718294,187.38506278299025
1447,139.895936194455,93.10176393636326,76.46432037810693,195.43543854735566,190.70229192923495,187.42574802782056
1448,139.85238637802254,93.07443980250665,76.3992488500654,195.44624935816645,190.706819773141,187.39040283807122
1449,139.7603494113179,92.97406844748281,76.30482761530996,195.43700695514167,190.70898566960744,187.355207020492
1450,139.74963075494787,92.94746170401316,76.30037557496729,195.46290435513234,190.7103300191383,187.3988050226392
1451,139.72112503692452,92.929611343208,76.32535764020763,195.47849507538626,190.70196517761283,187.4055827848574
1452,139.73473435455966,92.929611343208,76.3333544330506,195.5114129673715,190.723269383373,187.4225178546422
1453,139.81700215217117,92.9825716335401,76.43608895640799,195.48745740559212,190.74249171451245,187.3945105727489
1454,139.77952905431067,92.96516436679748,76.31769844284086,195.49752135555244,190.7414274378005,187.37636185408206
1455,139.730282314217,92.88285436975144,76.27208085411655,195.5027587172665,190.7544321523596,187.35291975913736
1456,139.7181499767903,92.8451280752838,76.2377938135629,195.4888297624049,190.72070204919945,187.46900060682444
1457,139.6883782757311,92.8228045744187,76.20397096678904,195.49553283853803,190.72753582598142,187.46554637539094
1458,139.49588555513355,92.6117019031945,76.19342110815715,195.3413434159548,190.65668673855203,187.3296550436447
1459,139.53660800945266,92.66232012491032,76.19622737055323,195.37712738645382,190.65578116977082,187.3392428698128
1460,139.54949993670084,92.71380343503397,76.19428619656496,195.39776875320916,190.6787751482052,187.38098305559444
1461,139.57716166603367,92.74334303920327,76.22388909988607,195.40094291182373,190.67496615786771,187.34516174205294
1462,139.64303498333123,92.78832763640968,76.3015993585686,195.40262334873734,190.6754422816599,187.39057088176259
1463,139.6971768578301,92.8303160737646,76.33333333333333,195.42513186761892,190.67310834150211,187.39353965364327
1464,139.7021774908216,92.84170992108706,76.35918048698147,195.40270737058302,190.6952901087616,187.36514026980348
1465,139.7633666708866,92.90488247457485,76.41956787779044,195.42927694533913,190.68668253745975,187.37854642206975
1466,139.7904165084188,92.89981854243153,76.44119508798582,195.43372076739954,190.69131307473276,187.38653783316997
1467,139.87753724100097,92.97556652740853,76.49088492214204,195.42507585305512,190.6940577883583,187.3906642393689
1468,139.8822424779508,92.96773853230367,76.47189517660463,195.43495308780282,190.68600102693367,187.42580404238436
1469,139.86122715955605,92.99518926446386,76.40846942650968,195.43254446156,190.7016851047939,187.40907435933343
1470,139.87184031733975,92.99324809047559,76.39435371566022,195.44186155066984,190.70371096485087,187.38007748681324
1471,139.84360889564078,92.95324302654345,76.30894206017639,195.44611865751762,190.69388040890632,187.3910189982729
1472,139.83276364096722,92.9564712832848,76.30752837911972,195.4492087942865,190.67990477524157,187.41164169350697
1473,139.83913575558088,92.96729543824112,76.27604760096214,195.4230593287588,190.67507818699528,187.38900247397657
1474,139.82436595349623,92.98255053382285,76.27988774950416,195.40208187462073,190.69338561359288,187.41143630677308
1475,139.82244587922523,92.99613875174073,76.28123813140904,195.41897960136302,190.6874760771134,187.39750735191149
1476,139.840507237203,93.0190530446892,76.47839388952188,195.4583298324231,190.77474676749287,187.37923726835643
1477,139.88644132168628,93.05456386884416,76.48219183862936,195.47119451057276,190.74655277038696,187.42608411520328
1478,139.8906823648563,93.08547495463561,76.48337342279613,195.48305092657424,190.74780376231155,187.39499603230172
1479,139.8439675908343,93.01768156306706,76.4389374182386,195.47244550249732,190.75502964104,187.40343555991225
1480,139.82713001645777,92.99527366333291,76.43408448326792,195.48775614993232,190.75308780282873,187.4457825701349
1481,139.80554500569693,92.94484533907246,76.42672068194287,195.49046352051533,190.7289455258367,187.45537973206368
1482,139.78379119719796,92.94514073511415,76.40695024686669,195.49695187415395,190.73296923866872,187.44666013163422
1483,139.78765244545724,92.86274633919905,76.36538380385703,195.49274144610933,190.73538720067216,187.48891378425057
1484,139.76836730387814,92.8289234924252,76.36884415748828,195.49998599635904,190.73211034869067,187.4729496335714
1485,139.74819597417394,92.79569143773473,76.30411022492298,195.48967931662233,190.75300378098305,187.4523549456192
1486,139.72557707726716,92.77813647297127,76.27113136683968,195.50917238482006,190.7449750268403,187.44514773841198
1487,139.72566147613622,92.7673334177322,76.26604633497911,195.49685851654763,190.76246090650235,187.45886197077908
1488,139.7809216356501,92.81084103473013,76.31200151917965,195.5124305652803,190.75750361760726,187.43223638145918
1489,139.7787483647719,92.78425539097776,76.27070937249441,195.50548475937077,190.75723288054894,187.43628810157307
1490,139.74300544372704,92.75425159302866,76.25564417436806,195.52032861877422,190.74804649208795,187.4464454091397
1491,139.6997510233363,92.7050470523695,76.21998565219226,195.52322270456986,190.74819586425804,187.42148158521215
1492,139.6969447609402,92.6553994176478,76.19924463012195,195.50862157494282,190.7682957568968,187.44381272464173
1493,139.72304511119552,92.66137063763345,76.22669536228214,195.52976707277224,190.75560845819913,187.45723754842925
1494,139.8055661054142,92.4191247837279,76.25762754779086,195.48174392008588,190.80344489567287,187.42453437893852
1495,139.8133730008018,92.4247162088028,76.33073806810988,195.49238668720534,190.81202445969285,187.47806563039723
1496,139.77279824450352,92.42528590116892,76.28756804658818,195.48508612239183,190.8155253699295,187.4896046305373
1497,139.7939190614846,92.46183061146981,76.2637253660801,195.51070344956355,190.80394902674695,187.4453904681884
1498,139.780035447525,92.50234206861629,76.25102333628729,195.5338001213649,190.78720067217478,187.4761611352285
1499,139.80444782039922,92.53846478457189,76.26239608389247,195.52892685431544,190.7779956121925,187.4996685804976
1500,139.83122336160696,92.56490273030342,76.30541840739335,195.54104467161463,190.77992811464313,187.47603043457966
1501,139.7826518124657,92.5361860151074,76.25461028822214,195.55633664752835,190.77140456518694,187.46714279045887
1502,139.7608558045322,92.49774233025278,76.18445372832004,195.54619801148297,190.77236614853194,187.43756710077955
1503,139.7447778199772,92.4793222770815,76.20933029497405,195.54261307940064,190.77927461139896,187.43786584511975
1504,139.78731484998102,92.53008819681816,76.2720597543993,195.5474956822107,190.76035102459974,187.49360967184802
1505,139.7803308435667,92.55277039287674,76.20787441448284,195.54201559072024,190.76416935069784,187.4905755496429
1506,139.73777271384563,92.6048866945183,76.22745495210364,195.53326798300893,190.7577650189049,187.43559725528638
1507,139.83035827319915,92.64839431151623,76.30900535932818,195.5402324604397,190.75766232553798,187.44304719227
1508,139.8642866185593,92.7350508503186,76.34573996708444,195.53238108574897,190.7482145357793,187.46286701208982
1509,139.80833016837573,92.7279402456007,76.2950162467823,195.52903888344304,190.77236614853194,187.4503757643654
1510,139.82392285943368,92.73469215512512,76.30197915347934,195.5216169537413,190.7786864584792,187.49950987256688
1511,139.809469553108,92.72057644427565,76.28826433725789,195.52283993838398,190.77159128039958,187.51779862764317
1512,139.6225260581508,92.5819302021353,76.16814364687514,195.37632451103954,190.71172104747234,187.35825981421837
1513,139.62948896484787,92.60233362872937,76.14427986664978,195.39791812537928,190.70111562339542,187.38322363814592
1514,139.63567118200615,92.61695573279319,76.13911043592016,195.3921112822667,190.69773607804697,187.38410119964524
1515,139.6196775963202,92.63197873148499,76.10712326454825,195.40575082854875,190.69308686925268,187.33838397983476
1516,139.62484702704984,92.61028822213783,76.13731695995274,195.3981421836344,190.69337627783224,187.3639172851608
1517,139.63662066928302,92.59735409545512,76.128539477571,195.40294076459878,190.69328292022593,187.37915324651075
1518,139.62396083892475,92.60520319027725,76.14193779803351,195.4065723754843,190.69849227465807,187.3455165009569
1519,139.59501202683884,92.56629531164282,76.1007511499346,195.4077766886057,190.68947392988844,187.3795546842179
1520,139.5601763936363,92.50998016626578,76.05253829598684,195.40404238435326,190.7027680530271,187.40748728002615
1521,139.51546609275437,92.4743638435245,76.02599485166898,195.41536666199877,190.6960369696121,187.39618167390188
1522,139.47987086973035,92.44172258091741,75.99780562940457,195.4537366381926,190.7259114036316,187.44231900294076
1523,139.59009579271637,92.48845845465671,76.11322108283748,195.450917238482,190.73788918452132,187.4514867198805
1524,139.7209562391864,92.54865594801029,76.13987002574166,195.45676142463708,190.73517247817765,187.41673901881157
1525,139.5917626703802,92.37278980461662,75.9975524327974,195.46993418288756,190.73281986649863,187.38146851514728
1526,139.53390724564292,92.30503861248259,75.92136135375786,195.45446482752183,190.72529524342997,187.4073005648135
1527,139.4856732919779,92.26277587880323,75.83103346415157,195.44726695607525,190.731671567941,187.40241796200345
1528,139.55298139004938,92.26482255137782,75.88038570283159,195.44825654670214,190.7415207954068,187.41332213042057
1529,139.54827615309955,92.25718445372831,75.87899312149217,195.46492087942866,190.72679830089157,187.4261774728096
1530,139.46917331307762,92.03217706882728,75.80459551842006,195.4078607104514,190.7467114783177,187.3036642860477
1531,139.57718276575093,92.11142760687007,75.85865299404988,195.43060262334873,190.72593007515286,187.3698268216403
1532,139.65987255770773,92.19120563784445,75.94239777186986,195.42981841945573,190.72868412453906,187.38618307426597
1533,139.61178630206356,92.2005528125923,75.90874372283412,195.43580264202026,190.73505111328944,187.34306119591093
1534,139.6022070304258,92.19040384858843,75.93389458581255,195.43153619941185,190.7385240162442,187.415310647435
1535,139.60554078575348,92.22422669536228,75.9498881714985,195.4253372543528,190.74701022265788,187.42614012976708
1536,139.59775499008313,92.26674262564882,75.883698358442,195.43374877468142,190.73155953881343,187.41373290388833
1537,139.6033042157235,92.2881377389543,75.91271046967971,195.46708677589507,190.71099285814313,187.40875694347196
1538,139.6192767016922,92.29415115837448,75.90549436637549,195.4742379685385,190.70676375857724,187.40563879942118
1539,139.59011689243363,92.27851626788201,75.89350972696965,195.47870979788078,190.71174905475425,187.39487466741352
1540,139.59074988395156,92.28398109465333,75.86540490357429,195.49667180133503,190.74164216029502,187.41540400504132
1541,139.56068278685066,92.28855973329958,75.86255644174368,195.49008075432945,190.75654203426225,187.39989730663305
1542,139.60113094484535,92.32805840401738,75.90515677089927,195.49722261121224,190.74349064089998,187.42352611679036
1543,139.65025108663545,92.40279360256572,75.94737730514412,195.49763338468003,190.7391215049246,187.43349670914438
1544,139.67588724311094,92.42129805460607,75.94163818204837,195.5043831396163,190.73522849274144,187.43542921159502
1545,139.63592437861334,92.38848799426087,75.87329619783095,195.50947112916026,190.7289455258367,187.4325071185175
1546,139.716525298561,92.51555049162342,75.99331138962738,195.52061802735378,190.7145871259861,187.45134668347103
1547,139.72762374984174,92.52745073216019,76.00478963581888,195.5248844699622,190.74083928488074,187.4710918172058
1548,139.76205848841624,92.36593239650588,75.90895472000675,195.46009429118237,190.78650049012742,187.45600522802596
1549,139.79837110182723,92.40789973414357,75.92748027176435,195.51459646174672,190.74850394435887,187.44019044951688
1550,139.8309701649998,92.42321812887707,75.95282103219817,195.51507258553892,190.72598608971666,187.43043457965737
1551,139.84977001308184,92.44014010212263,75.98639068236486,195.5067264155347,190.73739438920785,187.4314241702843
1552,139.89713887833904,92.4790268810398,75.99322699075833,195.5122158427858,190.74946552770388,187.55594454558184
1553,139.88827699708824,92.4679495294763,76.0227243954931,195.57272090743592,190.7990664239369,187.50688512346542
1554,139.81679115499853,92.4295480440562,76.0055281259231,195.56675535639266,190.78725668673854,187.52629416981748
1555,139.7978225091784,92.39211714563025,75.9745959404144,195.55243429958455,190.7921953041124,187.55062316202213
1556,139.74585390555765,92.34590876482255,75.93214330927965,195.55916538299957,190.78741539466927,187.52645287774823
1557,139.66371270624973,92.31655905810862,75.86373802591045,195.54318256079915,190.79581757923728,187.51530597955468
1558,139.63387770603873,92.26338777060387,75.81200151917965,195.5405592120618,190.7907295896933,187.57228212668628
1559,139.59123517744862,92.20473055661054,75.8081824703549,195.54393875741027,190.7870606357653,187.56210614759837
1560,139.54656707600117,92.18044478203993,75.74422922732835,195.5500163375811,190.79617233814125,187.50998459599495
1561,139.5298982993628,92.17238469004515,75.73937629235768,195.58248611305606,190.7966671334547,187.47140923306728
1562,139.50037979491074,92.16540068363084,75.74112756889058,195.58001213648882,190.7875460953181,187.50185314848528
1563,139.4878676625733,92.15803688230578,75.69384310250243,195.56082714839192,190.79304485832984,187.49093964430753
1564,139.50824998945015,92.16238342406211,75.73652783052707,195.56713812257854,190.78847967138122,187.51739718993605
1565,139.48122125163522,92.13434189981854,75.73623243448537,195.57296363721235,190.7853801988517,187.49797880782336
1566,139.3888255897371,91.90119002405368,75.71293834662616,195.33471502590675,190.6464734164216,187.29567287494748
1567,139.44193357809004,91.97577752458118,75.7158290078913,195.33384680016803,190.65206553703962,187.35843719367034
1568,139.62406633751107,92.14257078955141,75.89329872979702,195.3564393408953,190.6367082108015,187.36043504644542
1569,139.73796261130101,92.23256108368147,75.98643288179939,195.37415861457313,190.65451150632498,187.35524436353452
1570,139.766278431869,92.24591720470946,76.00751149934591,195.39740465854456,190.6534659011343,187.3316435606591
1571,139.7656454403511,92.24918766088534,75.98012406633751,195.39666713345468,190.65108528217337,187.36768893245576
1572,139.73701312402414,92.27471831877453,76.0019833734228,195.39913177426132,190.6494421883023,187.36684871399896
1573,139.69772545047897,92.28187112292696,75.99274169726125,195.41391028334033,190.6383979834757,187.3769780142837
1574,139.74233025277462,92.34419968772418,76.01105625184623,195.3938103907016,190.64708957662324,187.37090043411288
1575,139.66208802802043,92.29003671350804,75.93292399881841,195.3959482798861,190.64489567287495,187.36512159828223
1576,139.68607840654934,92.30261214499725,75.92750137148163,195.40520935443215,190.658357839705,187.42791392428697
1577,139.6873865890197,92.30776047600962,75.96934211081572,195.4065723754843,190.67028894179154,187.41788731736918
1578,139.70500485293496,92.3490315229776,75.98210743976031,195.4226112122485,190.69051953507912,187.40787938197263
1579,139.75688905768664,92.38414145250454,76.0362493142592,195.41806469682118,190.69131307473276,187.46883256313308
1580,139.80126176309238,92.41311136430772,76.04629277967675,195.43643747374318,190.69375904401812,187.41907295896934
1581,139.78480398362663,92.4005359328185,76.04108114951259,195.41883022919293,190.70733323997572,187.42295663539187
1582,139.83803857028315,92.46199940920792,76.09026459045448,195.42351678102975,190.7127853241843,187.42204173085003
1583,139.8480820357007,92.46982740431278,76.09326075030594,195.45447416328244,190.7028240675909,187.4058535219157
1584,139.8429126049711,92.41100139258134,76.03728320040511,195.4405825514634,190.76564440087756,187.39171918032022
1585,139.8402751403131,92.45499430307633,76.10321981685445,195.45308313494843,190.74243569994866,187.40886897259955
1586,139.83860826264927,92.4980166265772,76.10752415917626,195.4665639732997,190.72892685431546,187.41152032861876
1587,139.83540110562518,92.52635354686247,76.12047938557623,195.45646268029688,190.73198898380247,187.40504131074078
1588,139.84067603494114,92.5102544625902,76.17059121407773,195.48578630443916,190.73465901134296,187.44784577323438
1589,139.83124446132422,92.5009916867114,76.12773768831498,195.47975540307147,190.74215562712973,187.47594641273398
1590,139.87956281385829,92.58891420854961,76.18219605857281,195.4739765672408,190.73106474349999,187.4449423516781
1591,139.83884035953918,92.5297717010592,76.11879140819514,195.48843766045837,190.73390281473183,187.4662558931989
1592,139.80708528505718,92.48115795248344,76.09528632316326,195.4888671054474,190.7277412127153,187.4814731830276
1593,139.75904122884754,92.42089715997805,76.08562265265645,195.50651169304018,190.7533118610839,187.48475937076972
1594,139.72589357302613,92.37354939443811,76.03759969616407,195.5156980815012,190.74081127759885,187.49269476730618
1595,139.7076001181584,92.34656285605773,76.01335612102798,195.5064836857583,190.74213695560846,187.50620361293937
1596,139.66324851246992,92.31869012955227,75.94398025066464,195.513653549923,190.74289315221958,187.49035149138777
1597,139.62548001856774,92.31105203190278,75.93946491117019,195.52905755496428,190.74449890304814,187.4387807496616
1598,139.6061104781196,92.29307507279403,75.91000970586994,195.5302898753676,190.74754236101387,187.44085328852168
1599,139.57323711862261,92.29362366544288,75.87525847153648,195.51628623442096,190.74868132381087,187.45726555571116
1600,139.6241085369456,92.33132886019327,75.92060176393636,195.51295336787564,190.74435886663866,187.52510852821734
1601,139.60125754314893,92.32189728657636,75.89910115204457,195.52645287774823,190.75546842178966,187.4955888531018
1602,139.49578005654723,92.26705912140777,75.96706334135122,195.48920319283013,190.7993651682771,187.393875741026
1603,139.54181963961682,92.32911338988058,76.0185888509094,195.50639032815198,190.79737665126265,187.42441301405032
1604,139.61463476389417,92.36310503439253,76.10786175465249,195.50229192923493,190.7917098445596,187.47106380992392
1605,139.6376334557117,92.39464911170191,76.11495125965313,195.51429771740652,190.78492274658078,187.45287774821455
1606,139.65664430096638,92.4007680297084,76.15221336034097,195.52925360593755,190.81331279465994,187.49367502217243
1607,139.67278558467316,92.38431025024265,76.14630543950712,195.5334453624609,190.80957849040752,187.5362087476077
1608,139.6507996792843,92.3863780225345,76.09513862514243,195.53338934789713,190.80752462306867,187.49956588713064
1609,139.6274422922733,92.38728531037684,76.07648647508124,195.52355879195258,190.8091210381366,187.52457638986135
1610,139.58574925096005,92.40927121576571,76.04998523019792,195.5414554450824,190.82078140316483,187.5375250898567
1611,139.62016288981727,92.45161834831413,76.05000632991518,195.53706763758578,190.8229939784344,187.5314381739252
1612,139.68548761446596,92.52926530784488,76.11305228509939,195.55602856742752,190.80825281239788,187.56122858609905
1613,139.65693969700806,92.5363548128455,76.11535215428113,195.54359333426692,190.82714839191524,187.54909209727862
1614,139.72694855888932,92.59269105793982,76.15577921255856,195.54466694673948,190.83458899313823,187.47945665873127
1615,139.72025994851668,92.54186183905135,76.1512638730641,195.55179946786166,190.8073285720954,187.55263035055782
1616,139.7264210659577,92.54971093387348,76.14771912056378,195.55208887644122,190.8202025860057,187.54126872986976
1617,139.7199012533232,92.58106511372748,76.10404270582774,195.55669140643235,190.81841945572515,187.51838678056293
1618,139.78389669578428,92.63261172300291,76.16010465459763,195.56266629323625,190.8135928674789,187.5341642160295
1619,139.7742541249947,92.62220956239186,76.15012448833185,195.56651262661626,190.81369556084582,187.52189702656023
